id,date,day,month,year,day_name,month_name,quarter,week_number,year_month,is_weekend
1,2023-05-06,6,5,2023,Saturday,May,2,18,2023-05,True
2,2023-05-07,7,5,2023,Sunday,May,2,18,2023-05,True
3,2023-05-08,8,5,2023,Monday,May,2,19,2023-05,False
4,2023-05-09,9,5,2023,Tuesday,May,2,19,2023-05,False
5,2023-05-10,10,5,2023,Wednesday,May,2,19,2023-05,False
6,2023-05-11,11,5,2023,Thursday,May,2,19,2023-05,False
7,2023-05-12,12,5,2023,Friday,May,2,19,2023-05,False
8,2023-05-13,13,5,2023,Saturday,May,2,19,2023-05,True
9,2023-05-14,14,5,2023,Sunday,May,2,19,2023-05,True
10,2023-05-15,15,5,2023,Monday,May,2,20,2023-05,False
11,2023-05-16,16,5,2023,Tuesday,May,2,20,2023-05,False
12,2023-05-17,17,5,2023,Wednesday,May,2,20,2023-05,False
13,2023-05-18,18,5,2023,Thursday,May,2,20,2023-05,False
14,2023-05-19,19,5,2023,Friday,May,2,20,2023-05,False
15,2023-05-20,20,5,2023,Saturday,May,2,20,2023-05,True
16,2023-05-21,21,5,2023,Sunday,May,2,20,2023-05,True
17,2023-05-22,22,5,2023,Monday,May,2,21,2023-05,False
18,2023-05-23,23,5,2023,Tuesday,May,2,21,2023-05,False
19,2023-05-24,24,5,2023,Wednesday,May,2,21,2023-05,False
20,2023-05-25,25,5,2023,Thursday,May,2,21,2023-05,False
21,2023-05-26,26,5,2023,Friday,May,2,21,2023-05,False
22,2023-05-27,27,5,2023,Saturday,May,2,21,2023-05,True
23,2023-05-28,28,5,2023,Sunday,May,2,21,2023-05,True
24,2023-05-29,29,5,2023,Monday,May,2,22,2023-05,False
25,2023-05-30,30,5,2023,Tuesday,May,2,22,2023-05,False
26,2023-05-31,31,5,2023,Wednesday,May,2,22,2023-05,False
27,2023-06-01,1,6,2023,Thursday,June,2,22,2023-06,False
28,2023-06-02,2,6,2023,Friday,June,2,22,2023-06,False
29,2023-06-03,3,6,2023,Saturday,June,2,22,2023-06,True
30,2023-06-04,4,6,2023,Sunday,June,2,22,2023-06,True
31,2023-06-05,5,6,2023,Monday,June,2,23,2023-06,False
32,2023-06-06,6,6,2023,Tuesday,June,2,23,2023-06,False
33,2023-06-07,7,6,2023,Wednesday,June,2,23,2023-06,False
34,2023-06-08,8,6,2023,Thursday,June,2,23,2023-06,False
35,2023-06-09,9,6,2023,Friday,June,2,23,2023-06,False
36,2023-06-10,10,6,2023,Saturday,June,2,23,2023-06,True
37,2023-06-11,11,6,2023,Sunday,June,2,23,2023-06,True
38,2023-06-12,12,6,2023,Monday,June,2,24,2023-06,False
39,2023-06-13,13,6,2023,Tuesday,June,2,24,2023-06,False
40,2023-06-14,14,6,2023,Wednesday,June,2,24,2023-06,False
41,2023-06-15,15,6,2023,Thursday,June,2,24,2023-06,False
42,2023-06-16,16,6,2023,Friday,June,2,24,2023-06,False
43,2023-06-17,17,6,2023,Saturday,June,2,24,2023-06,True
44,2023-06-18,18,6,2023,Sunday,June,2,24,2023-06,True
45,2023-06-19,19,6,2023,Monday,June,2,25,2023-06,False
46,2023-06-20,20,6,2023,Tuesday,June,2,25,2023-06,False
47,2023-06-21,21,6,2023,Wednesday,June,2,25,2023-06,False
48,2023-06-22,22,6,2023,Thursday,June,2,25,2023-06,False
49,2023-06-23,23,6,2023,Friday,June,2,25,2023-06,False
50,2023-06-24,24,6,2023,Saturday,June,2,25,2023-06,True
51,2023-06-25,25,6,2023,Sunday,June,2,25,2023-06,True
52,2023-06-26,26,6,2023,Monday,June,2,26,2023-06,False
53,2023-06-27,27,6,2023,Tuesday,June,2,26,2023-06,False
54,2023-06-28,28,6,2023,Wednesday,June,2,26,2023-06,False
55,2023-06-29,29,6,2023,Thursday,June,2,26,2023-06,False
56,2023-06-30,30,6,2023,Friday,June,2,26,2023-06,False
57,2023-07-01,1,7,2023,Saturday,July,3,26,2023-07,True
58,2023-07-02,2,7,2023,Sunday,July,3,26,2023-07,True
59,2023-07-03,3,7,2023,Monday,July,3,27,2023-07,False
60,2023-07-04,4,7,2023,Tuesday,July,3,27,2023-07,False
61,2023-07-05,5,7,2023,Wednesday,July,3,27,2023-07,False
62,2023-07-06,6,7,2023,Thursday,July,3,27,2023-07,False
63,2023-07-07,7,7,2023,Friday,July,3,27,2023-07,False
64,2023-07-08,8,7,2023,Saturday,July,3,27,2023-07,True
65,2023-07-09,9,7,2023,Sunday,July,3,27,2023-07,True
66,2023-07-10,10,7,2023,Monday,July,3,28,2023-07,False
67,2023-07-11,11,7,2023,Tuesday,July,3,28,2023-07,False
68,2023-07-12,12,7,2023,Wednesday,July,3,28,2023-07,False
69,2023-07-13,13,7,2023,Thursday,July,3,28,2023-07,False
70,2023-07-14,14,7,2023,Friday,July,3,28,2023-07,False
71,2023-07-15,15,7,2023,Saturday,July,3,28,2023-07,True
72,2023-07-16,16,7,2023,Sunday,July,3,28,2023-07,True
73,2023-07-17,17,7,2023,Monday,July,3,29,2023-07,False
74,2023-07-18,18,7,2023,Tuesday,July,3,29,2023-07,False
75,2023-07-19,19,7,2023,Wednesday,July,3,29,2023-07,False
76,2023-07-20,20,7,2023,Thursday,July,3,29,2023-07,False
77,2023-07-21,21,7,2023,Friday,July,3,29,2023-07,False
78,2023-07-22,22,7,2023,Saturday,July,3,29,2023-07,True
79,2023-07-23,23,7,2023,Sunday,July,3,29,2023-07,True
80,2023-07-24,24,7,2023,Monday,July,3,30,2023-07,False
81,2023-07-25,25,7,2023,Tuesday,July,3,30,2023-07,False
82,2023-07-26,26,7,2023,Wednesday,July,3,30,2023-07,False
83,2023-07-27,27,7,2023,Thursday,July,3,30,2023-07,False
84,2023-07-28,28,7,2023,Friday,July,3,30,2023-07,False
85,2023-07-29,29,7,2023,Saturday,July,3,30,2023-07,True
86,2023-07-30,30,7,2023,Sunday,July,3,30,2023-07,True
87,2023-07-31,31,7,2023,Monday,July,3,31,2023-07,False
88,2023-08-01,1,8,2023,Tuesday,August,3,31,2023-08,False
89,2023-08-02,2,8,2023,Wednesday,August,3,31,2023-08,False
90,2023-08-03,3,8,2023,Thursday,August,3,31,2023-08,False
91,2023-08-04,4,8,2023,Friday,August,3,31,2023-08,False
92,2023-08-05,5,8,2023,Saturday,August,3,31,2023-08,True
93,2023-08-06,6,8,2023,Sunday,August,3,31,2023-08,True
94,2023-08-07,7,8,2023,Monday,August,3,32,2023-08,False
95,2023-08-08,8,8,2023,Tuesday,August,3,32,2023-08,False
96,2023-08-09,9,8,2023,Wednesday,August,3,32,2023-08,False
97,2023-08-10,10,8,2023,Thursday,August,3,32,2023-08,False
98,2023-08-11,11,8,2023,Friday,August,3,32,2023-08,False
99,2023-08-12,12,8,2023,Saturday,August,3,32,2023-08,True
100,2023-08-13,13,8,2023,Sunday,August,3,32,2023-08,True
101,2023-08-14,14,8,2023,Monday,August,3,33,2023-08,False
102,2023-08-15,15,8,2023,Tuesday,August,3,33,2023-08,False
103,2023-08-16,16,8,2023,Wednesday,August,3,33,2023-08,False
104,2023-08-17,17,8,2023,Thursday,August,3,33,2023-08,False
105,2023-08-18,18,8,2023,Friday,August,3,33,2023-08,False
106,2023-08-19,19,8,2023,Saturday,August,3,33,2023-08,True
107,2023-08-20,20,8,2023,Sunday,August,3,33,2023-08,True
108,2023-08-21,21,8,2023,Monday,August,3,34,2023-08,False
109,2023-08-22,22,8,2023,Tuesday,August,3,34,2023-08,False
110,2023-08-23,23,8,2023,Wednesday,August,3,34,2023-08,False
111,2023-08-24,24,8,2023,Thursday,August,3,34,2023-08,False
112,2023-08-25,25,8,2023,Friday,August,3,34,2023-08,False
113,2023-08-26,26,8,2023,Saturday,August,3,34,2023-08,True
114,2023-08-27,27,8,2023,Sunday,August,3,34,2023-08,True
115,2023-08-28,28,8,2023,Monday,August,3,35,2023-08,False
116,2023-08-29,29,8,2023,Tuesday,August,3,35,2023-08,False
117,2023-08-30,30,8,2023,Wednesday,August,3,35,2023-08,False
118,2023-08-31,31,8,2023,Thursday,August,3,35,2023-08,False
119,2023-09-01,1,9,2023,Friday,September,3,35,2023-09,False
120,2023-09-02,2,9,2023,Saturday,September,3,35,2023-09,True
121,2023-09-03,3,9,2023,Sunday,September,3,35,2023-09,True
122,2023-09-04,4,9,2023,Monday,September,3,36,2023-09,False
123,2023-09-05,5,9,2023,Tuesday,September,3,36,2023-09,False
124,2023-09-06,6,9,2023,Wednesday,September,3,36,2023-09,False
125,2023-09-07,7,9,2023,Thursday,September,3,36,2023-09,False
126,2023-09-08,8,9,2023,Friday,September,3,36,2023-09,False
127,2023-09-09,9,9,2023,Saturday,September,3,36,2023-09,True
128,2023-09-10,10,9,2023,Sunday,September,3,36,2023-09,True
129,2023-09-11,11,9,2023,Monday,September,3,37,2023-09,False
130,2023-09-12,12,9,2023,Tuesday,September,3,37,2023-09,False
131,2023-09-13,13,9,2023,Wednesday,September,3,37,2023-09,False
132,2023-09-14,14,9,2023,Thursday,September,3,37,2023-09,False
133,2023-09-15,15,9,2023,Friday,September,3,37,2023-09,False
134,2023-09-16,16,9,2023,Saturday,September,3,37,2023-09,True
135,2023-09-17,17,9,2023,Sunday,September,3,37,2023-09,True
136,2023-09-18,18,9,2023,Monday,September,3,38,2023-09,False
137,2023-09-19,19,9,2023,Tuesday,September,3,38,2023-09,False
138,2023-09-20,20,9,2023,Wednesday,September,3,38,2023-09,False
139,2023-09-21,21,9,2023,Thursday,September,3,38,2023-09,False
140,2023-09-22,22,9,2023,Friday,September,3,38,2023-09,False
141,2023-09-23,23,9,2023,Saturday,September,3,38,2023-09,True
142,2023-09-24,24,9,2023,Sunday,September,3,38,2023-09,True
143,2023-09-25,25,9,2023,Monday,September,3,39,2023-09,False
144,2023-09-26,26,9,2023,Tuesday,September,3,39,2023-09,False
145,2023-09-27,27,9,2023,Wednesday,September,3,39,2023-09,False
146,2023-09-28,28,9,2023,Thursday,September,3,39,2023-09,False
147,2023-09-29,29,9,2023,Friday,September,3,39,2023-09,False
148,2023-09-30,30,9,2023,Saturday,September,3,39,2023-09,True
149,2023-10-01,1,10,2023,Sunday,October,4,39,2023-10,True
150,2023-10-02,2,10,2023,Monday,October,4,40,2023-10,False
151,2023-10-03,3,10,2023,Tuesday,October,4,40,2023-10,False
152,2023-10-04,4,10,2023,Wednesday,October,4,40,2023-10,False
153,2023-10-05,5,10,2023,Thursday,October,4,40,2023-10,False
154,2023-10-06,6,10,2023,Friday,October,4,40,2023-10,False
155,2023-10-07,7,10,2023,Saturday,October,4,40,2023-10,True
156,2023-10-08,8,10,2023,Sunday,October,4,40,2023-10,True
157,2023-10-09,9,10,2023,Monday,October,4,41,2023-10,False
158,2023-10-10,10,10,2023,Tuesday,October,4,41,2023-10,False
159,2023-10-11,11,10,2023,Wednesday,October,4,41,2023-10,False
160,2023-10-12,12,10,2023,Thursday,October,4,41,2023-10,False
161,2023-10-13,13,10,2023,Friday,October,4,41,2023-10,False
162,2023-10-14,14,10,2023,Saturday,October,4,41,2023-10,True
163,2023-10-15,15,10,2023,Sunday,October,4,41,2023-10,True
164,2023-10-16,16,10,2023,Monday,October,4,42,2023-10,False
165,2023-10-17,17,10,2023,Tuesday,October,4,42,2023-10,False
166,2023-10-18,18,10,2023,Wednesday,October,4,42,2023-10,False
167,2023-10-19,19,10,2023,Thursday,October,4,42,2023-10,False
168,2023-10-20,20,10,2023,Friday,October,4,42,2023-10,False
169,2023-10-21,21,10,2023,Saturday,October,4,42,2023-10,True
170,2023-10-22,22,10,2023,Sunday,October,4,42,2023-10,True
171,2023-10-23,23,10,2023,Monday,October,4,43,2023-10,False
172,2023-10-24,24,10,2023,Tuesday,October,4,43,2023-10,False
173,2023-10-25,25,10,2023,Wednesday,October,4,43,2023-10,False
174,2023-10-26,26,10,2023,Thursday,October,4,43,2023-10,False
175,2023-10-27,27,10,2023,Friday,October,4,43,2023-10,False
176,2023-10-28,28,10,2023,Saturday,October,4,43,2023-10,True
177,2023-10-29,29,10,2023,Sunday,October,4,43,2023-10,True
178,2023-10-30,30,10,2023,Monday,October,4,44,2023-10,False
179,2023-10-31,31,10,2023,Tuesday,October,4,44,2023-10,False
180,2023-11-01,1,11,2023,Wednesday,November,4,44,2023-11,False
181,2023-11-02,2,11,2023,Thursday,November,4,44,2023-11,False
182,2023-11-03,3,11,2023,Friday,November,4,44,2023-11,False
183,2023-11-04,4,11,2023,Saturday,November,4,44,2023-11,True
184,2023-11-05,5,11,2023,Sunday,November,4,44,2023-11,True
185,2023-11-06,6,11,2023,Monday,November,4,45,2023-11,False
186,2023-11-07,7,11,2023,Tuesday,November,4,45,2023-11,False
187,2023-11-08,8,11,2023,Wednesday,November,4,45,2023-11,False
188,2023-11-09,9,11,2023,Thursday,November,4,45,2023-11,False
189,2023-11-10,10,11,2023,Friday,November,4,45,2023-11,False
190,2023-11-11,11,11,2023,Saturday,November,4,45,2023-11,True
191,2023-11-12,12,11,2023,Sunday,November,4,45,2023-11,True
192,2023-11-13,13,11,2023,Monday,November,4,46,2023-11,False
193,2023-11-14,14,11,2023,Tuesday,November,4,46,2023-11,False
194,2023-11-15,15,11,2023,Wednesday,November,4,46,2023-11,False
195,2023-11-16,16,11,2023,Thursday,November,4,46,2023-11,False
196,2023-11-17,17,11,2023,Friday,November,4,46,2023-11,False
197,2023-11-18,18,11,2023,Saturday,November,4,46,2023-11,True
198,2023-11-19,19,11,2023,Sunday,November,4,46,2023-11,True
199,2023-11-20,20,11,2023,Monday,November,4,47,2023-11,False
200,2023-11-21,21,11,2023,Tuesday,November,4,47,2023-11,False
201,2023-11-22,22,11,2023,Wednesday,November,4,47,2023-11,False
202,2023-11-23,23,11,2023,Thursday,November,4,47,2023-11,False
203,2023-11-24,24,11,2023,Friday,November,4,47,2023-11,False
204,2023-11-25,25,11,2023,Saturday,November,4,47,2023-11,True
205,2023-11-26,26,11,2023,Sunday,November,4,47,2023-11,True
206,2023-11-27,27,11,2023,Monday,November,4,48,2023-11,False
207,2023-11-28,28,11,2023,Tuesday,November,4,48,2023-11,False
208,2023-11-29,29,11,2023,Wednesday,November,4,48,2023-11,False
209,2023-11-30,30,11,2023,Thursday,November,4,48,2023-11,False
210,2023-12-01,1,12,2023,Friday,December,4,48,2023-12,False
211,2023-12-02,2,12,2023,Saturday,December,4,48,2023-12,True
212,2023-12-03,3,12,2023,Sunday,December,4,48,2023-12,True
213,2023-12-04,4,12,2023,Monday,December,4,49,2023-12,False
214,2023-12-05,5,12,2023,Tuesday,December,4,49,2023-12,False
215,2023-12-06,6,12,2023,Wednesday,December,4,49,2023-12,False
216,2023-12-07,7,12,2023,Thursday,December,4,49,2023-12,False
217,2023-12-08,8,12,2023,Friday,December,4,49,2023-12,False
218,2023-12-09,9,12,2023,Saturday,December,4,49,2023-12,True
219,2023-12-10,10,12,2023,Sunday,December,4,49,2023-12,True
220,2023-12-11,11,12,2023,Monday,December,4,50,2023-12,False
221,2023-12-12,12,12,2023,Tuesday,December,4,50,2023-12,False
222,2023-12-13,13,12,2023,Wednesday,December,4,50,2023-12,False
223,2023-12-14,14,12,2023,Thursday,December,4,50,2023-12,False
224,2023-12-15,15,12,2023,Friday,December,4,50,2023-12,False
225,2023-12-16,16,12,2023,Saturday,December,4,50,2023-12,True
226,2023-12-17,17,12,2023,Sunday,December,4,50,2023-12,True
227,2023-12-18,18,12,2023,Monday,December,4,51,2023-12,False
228,2023-12-19,19,12,2023,Tuesday,December,4,51,2023-12,False
229,2023-12-20,20,12,2023,Wednesday,December,4,51,2023-12,False
230,2023-12-21,21,12,2023,Thursday,December,4,51,2023-12,False
231,2023-12-22,22,12,2023,Friday,December,4,51,2023-12,False
232,2023-12-23,23,12,2023,Saturday,December,4,51,2023-12,True
233,2023-12-24,24,12,2023,Sunday,December,4,51,2023-12,True
234,2023-12-25,25,12,2023,Monday,December,4,52,2023-12,False
235,2023-12-26,26,12,2023,Tuesday,December,4,52,2023-12,False
236,2023-12-27,27,12,2023,Wednesday,December,4,52,2023-12,False
237,2023-12-28,28,12,2023,Thursday,December,4,52,2023-12,False
238,2023-12-29,29,12,2023,Friday,December,4,52,2023-12,False
239,2023-12-30,30,12,2023,Saturday,December,4,52,2023-12,True
240,2023-12-31,31,12,2023,Sunday,December,4,52,2023-12,True
241,2024-01-01,1,1,2024,Monday,January,1,1,2024-01,False
242,2024-01-02,2,1,2024,Tuesday,January,1,1,2024-01,False
243,2024-01-03,3,1,2024,Wednesday,January,1,1,2024-01,False
244,2024-01-04,4,1,2024,Thursday,January,1,1,2024-01,False
245,2024-01-05,5,1,2024,Friday,January,1,1,2024-01,False
246,2024-01-06,6,1,2024,Saturday,January,1,1,2024-01,True
247,2024-01-07,7,1,2024,Sunday,January,1,1,2024-01,True
248,2024-01-08,8,1,2024,Monday,January,1,2,2024-01,False
249,2024-01-09,9,1,2024,Tuesday,January,1,2,2024-01,False
250,2024-01-10,10,1,2024,Wednesday,January,1,2,2024-01,False
251,2024-01-11,11,1,2024,Thursday,January,1,2,2024-01,False
252,2024-01-12,12,1,2024,Friday,January,1,2,2024-01,False
253,2024-01-13,13,1,2024,Saturday,January,1,2,2024-01,True
254,2024-01-14,14,1,2024,Sunday,January,1,2,2024-01,True
255,2024-01-15,15,1,2024,Monday,January,1,3,2024-01,False
256,2024-01-16,16,1,2024,Tuesday,January,1,3,2024-01,False
257,2024-01-17,17,1,2024,Wednesday,January,1,3,2024-01,False
258,2024-01-18,18,1,2024,Thursday,January,1,3,2024-01,False
259,2024-01-19,19,1,2024,Friday,January,1,3,2024-01,False
260,2024-01-20,20,1,2024,Saturday,January,1,3,2024-01,True
261,2024-01-21,21,1,2024,Sunday,January,1,3,2024-01,True
262,2024-01-22,22,1,2024,Monday,January,1,4,2024-01,False
263,2024-01-23,23,1,2024,Tuesday,January,1,4,2024-01,False
264,2024-01-24,24,1,2024,Wednesday,January,1,4,2024-01,False
265,2024-01-25,25,1,2024,Thursday,January,1,4,2024-01,False
266,2024-01-26,26,1,2024,Friday,January,1,4,2024-01,False
267,2024-01-27,27,1,2024,Saturday,January,1,4,2024-01,True
268,2024-01-28,28,1,2024,Sunday,January,1,4,2024-01,True
269,2024-01-29,29,1,2024,Monday,January,1,5,2024-01,False
270,2024-01-30,30,1,2024,Tuesday,January,1,5,2024-01,False
271,2024-01-31,31,1,2024,Wednesday,January,1,5,2024-01,False
272,2024-02-01,1,2,2024,Thursday,February,1,5,2024-02,False
273,2024-02-02,2,2,2024,Friday,February,1,5,2024-02,False
274,2024-02-03,3,2,2024,Saturday,February,1,5,2024-02,True
275,2024-02-04,4,2,2024,Sunday,February,1,5,2024-02,True
276,2024-02-05,5,2,2024,Monday,February,1,6,2024-02,False
277,2024-02-06,6,2,2024,Tuesday,February,1,6,2024-02,False
278,2024-02-07,7,2,2024,Wednesday,February,1,6,2024-02,False
279,2024-02-08,8,2,2024,Thursday,February,1,6,2024-02,False
280,2024-02-09,9,2,2024,Friday,February,1,6,2024-02,False
281,2024-02-10,10,2,2024,Saturday,February,1,6,2024-02,True
282,2024-02-11,11,2,2024,Sunday,February,1,6,2024-02,True
283,2024-02-12,12,2,2024,Monday,February,1,7,2024-02,False
284,2024-02-13,13,2,2024,Tuesday,February,1,7,2024-02,False
285,2024-02-14,14,2,2024,Wednesday,February,1,7,2024-02,False
286,2024-02-15,15,2,2024,Thursday,February,1,7,2024-02,False
287,2024-02-16,16,2,2024,Friday,February,1,7,2024-02,False
288,2024-02-17,17,2,2024,Saturday,February,1,7,2024-02,True
289,2024-02-18,18,2,2024,Sunday,February,1,7,2024-02,True
290,2024-02-19,19,2,2024,Monday,February,1,8,2024-02,False
291,2024-02-20,20,2,2024,Tuesday,February,1,8,2024-02,False
292,2024-02-21,21,2,2024,Wednesday,February,1,8,2024-02,False
293,2024-02-22,22,2,2024,Thursday,February,1,8,2024-02,False
294,2024-02-23,23,2,2024,Friday,February,1,8,2024-02,False
295,2024-02-24,24,2,2024,Saturday,February,1,8,2024-02,True
296,2024-02-25,25,2,2024,Sunday,February,1,8,2024-02,True
297,2024-02-26,26,2,2024,Monday,February,1,9,2024-02,False
298,2024-02-27,27,2,2024,Tuesday,February,1,9,2024-02,False
299,2024-02-28,28,2,2024,Wednesday,February,1,9,2024-02,False
300,2024-02-29,29,2,2024,Thursday,February,1,9,2024-02,False
301,2024-03-01,1,3,2024,Friday,March,1,9,2024-03,False
302,2024-03-02,2,3,2024,Saturday,March,1,9,2024-03,True
303,2024-03-03,3,3,2024,Sunday,March,1,9,2024-03,True
304,2024-03-04,4,3,2024,Monday,March,1,10,2024-03,False
305,2024-03-05,5,3,2024,Tuesday,March,1,10,2024-03,False
306,2024-03-06,6,3,2024,Wednesday,March,1,10,2024-03,False
307,2024-03-07,7,3,2024,Thursday,March,1,10,2024-03,False
308,2024-03-08,8,3,2024,Friday,March,1,10,2024-03,False
309,2024-03-09,9,3,2024,Saturday,March,1,10,2024-03,True
310,2024-03-10,10,3,2024,Sunday,March,1,10,2024-03,True
311,2024-03-11,11,3,2024,Monday,March,1,11,2024-03,False
312,2024-03-12,12,3,2024,Tuesday,March,1,11,2024-03,False
313,2024-03-13,13,3,2024,Wednesday,March,1,11,2024-03,False
314,2024-03-14,14,3,2024,Thursday,March,1,11,2024-03,False
315,2024-03-15,15,3,2024,Friday,March,1,11,2024-03,False
316,2024-03-16,16,3,2024,Saturday,March,1,11,2024-03,True
317,2024-03-17,17,3,2024,Sunday,March,1,11,2024-03,True
318,2024-03-18,18,3,2024,Monday,March,1,12,2024-03,False
319,2024-03-19,19,3,2024,Tuesday,March,1,12,2024-03,False
320,2024-03-20,20,3,2024,Wednesday,March,1,12,2024-03,False
321,2024-03-21,21,3,2024,Thursday,March,1,12,2024-03,False
322,2024-03-22,22,3,2024,Friday,March,1,12,2024-03,False
323,2024-03-23,23,3,2024,Saturday,March,1,12,2024-03,True
324,2024-03-24,24,3,2024,Sunday,March,1,12,2024-03,True
325,2024-03-25,25,3,2024,Monday,March,1,13,2024-03,False
326,2024-03-26,26,3,2024,Tuesday,March,1,13,2024-03,False
327,2024-03-27,27,3,2024,Wednesday,March,1,13,2024-03,False
328,2024-03-28,28,3,2024,Thursday,March,1,13,2024-03,False
329,2024-03-29,29,3,2024,Friday,March,1,13,2024-03,False
330,2024-03-30,30,3,2024,Saturday,March,1,13,2024-03,True
331,2024-03-31,31,3,2024,Sunday,March,1,13,2024-03,True
332,2024-04-01,1,4,2024,Monday,April,2,14,2024-04,False
333,2024-04-02,2,4,2024,Tuesday,April,2,14,2024-04,False
334,2024-04-03,3,4,2024,Wednesday,April,2,14,2024-04,False
335,2024-04-04,4,4,2024,Thursday,April,2,14,2024-04,False
336,2024-04-05,5,4,2024,Friday,April,2,14,2024-04,False
337,2024-04-06,6,4,2024,Saturday,April,2,14,2024-04,True
338,2024-04-07,7,4,2024,Sunday,April,2,14,2024-04,True
339,2024-04-08,8,4,2024,Monday,April,2,15,2024-04,False
340,2024-04-09,9,4,2024,Tuesday,April,2,15,2024-04,False
341,2024-04-10,10,4,2024,Wednesday,April,2,15,2024-04,False
342,2024-04-11,11,4,2024,Thursday,April,2,15,2024-04,False
343,2024-04-12,12,4,2024,Friday,April,2,15,2024-04,False
344,2024-04-13,13,4,2024,Saturday,April,2,15,2024-04,True
345,2024-04-14,14,4,2024,Sunday,April,2,15,2024-04,True
346,2024-04-15,15,4,2024,Monday,April,2,16,2024-04,False
347,2024-04-16,16,4,2024,Tuesday,April,2,16,2024-04,False
348,2024-04-17,17,4,2024,Wednesday,April,2,16,2024-04,False
349,2024-04-18,18,4,2024,Thursday,April,2,16,2024-04,False
350,2024-04-19,19,4,2024,Friday,April,2,16,2024-04,False
351,2024-04-20,20,4,2024,Saturday,April,2,16,2024-04,True
352,2024-04-21,21,4,2024,Sunday,April,2,16,2024-04,True
353,2024-04-22,22,4,2024,Monday,April,2,17,2024-04,False
354,2024-04-23,23,4,2024,Tuesday,April,2,17,2024-04,False
355,2024-04-24,24,4,2024,Wednesday,April,2,17,2024-04,False
356,2024-04-25,25,4,2024,Thursday,April,2,17,2024-04,False
357,2024-04-26,26,4,2024,Friday,April,2,17,2024-04,False
358,2024-04-27,27,4,2024,Saturday,April,2,17,2024-04,True
359,2024-04-28,28,4,2024,Sunday,April,2,17,2024-04,True
360,2024-04-29,29,4,2024,Monday,April,2,18,2024-04,False
361,2024-04-30,30,4,2024,Tuesday,April,2,18,2024-04,False
362,2024-05-01,1,5,2024,Wednesday,May,2,18,2024-05,False
363,2024-05-02,2,5,2024,Thursday,May,2,18,2024-05,False
364,2024-05-03,3,5,2024,Friday,May,2,18,2024-05,False
365,2024-05-04,4,5,2024,Saturday,May,2,18,2024-05,True
366,2024-05-05,5,5,2024,Sunday,May,2,18,2024-05,True
367,2024-05-06,6,5,2024,Monday,May,2,19,2024-05,False
368,2024-05-07,7,5,2024,Tuesday,May,2,19,2024-05,False
369,2024-05-08,8,5,2024,Wednesday,May,2,19,2024-05,False
370,2024-05-09,9,5,2024,Thursday,May,2,19,2024-05,False
371,2024-05-10,10,5,2024,Friday,May,2,19,2024-05,False
372,2024-05-11,11,5,2024,Saturday,May,2,19,2024-05,True
373,2024-05-12,12,5,2024,Sunday,May,2,19,2024-05,True
374,2024-05-13,13,5,2024,Monday,May,2,20,2024-05,False
375,2024-05-14,14,5,2024,Tuesday,May,2,20,2024-05,False
376,2024-05-15,15,5,2024,Wednesday,May,2,20,2024-05,False
377,2024-05-16,16,5,2024,Thursday,May,2,20,2024-05,False
378,2024-05-17,17,5,2024,Friday,May,2,20,2024-05,False
379,2024-05-18,18,5,2024,Saturday,May,2,20,2024-05,True
380,2024-05-19,19,5,2024,Sunday,May,2,20,2024-05,True
381,2024-05-20,20,5,2024,Monday,May,2,21,2024-05,False
382,2024-05-21,21,5,2024,Tuesday,May,2,21,2024-05,False
383,2024-05-22,22,5,2024,Wednesday,May,2,21,2024-05,False
384,2024-05-23,23,5,2024,Thursday,May,2,21,2024-05,False
385,2024-05-24,24,5,2024,Friday,May,2,21,2024-05,False
386,2024-05-25,25,5,2024,Saturday,May,2,21,2024-05,True
387,2024-05-26,26,5,2024,Sunday,May,2,21,2024-05,True
388,2024-05-27,27,5,2024,Monday,May,2,22,2024-05,False
389,2024-05-28,28,5,2024,Tuesday,May,2,22,2024-05,False
390,2024-05-29,29,5,2024,Wednesday,May,2,22,2024-05,False
391,2024-05-30,30,5,2024,Thursday,May,2,22,2024-05,False
392,2024-05-31,31,5,2024,Friday,May,2,22,2024-05,False
393,2024-06-01,1,6,2024,Saturday,June,2,22,2024-06,True
394,2024-06-02,2,6,2024,Sunday,June,2,22,2024-06,True
395,2024-06-03,3,6,2024,Monday,June,2,23,2024-06,False
396,2024-06-04,4,6,2024,Tuesday,June,2,23,2024-06,False
397,2024-06-05,5,6,2024,Wednesday,June,2,23,2024-06,False
398,2024-06-06,6,6,2024,Thursday,June,2,23,2024-06,False
399,2024-06-07,7,6,2024,Friday,June,2,23,2024-06,False
400,2024-06-08,8,6,2024,Saturday,June,2,23,2024-06,True
401,2024-06-09,9,6,2024,Sunday,June,2,23,2024-06,True
402,2024-06-10,10,6,2024,Monday,June,2,24,2024-06,False
403,2024-06-11,11,6,2024,Tuesday,June,2,24,2024-06,False
404,2024-06-12,12,6,2024,Wednesday,June,2,24,2024-06,False
405,2024-06-13,13,6,2024,Thursday,June,2,24,2024-06,False
406,2024-06-14,14,6,2024,Friday,June,2,24,2024-06,False
407,2024-06-15,15,6,2024,Saturday,June,2,24,2024-06,True
408,2024-06-16,16,6,2024,Sunday,June,2,24,2024-06,True
409,2024-06-17,17,6,2024,Monday,June,2,25,2024-06,False
410,2024-06-18,18,6,2024,Tuesday,June,2,25,2024-06,False
411,2024-06-19,19,6,2024,Wednesday,June,2,25,2024-06,False
412,2024-06-20,20,6,2024,Thursday,June,2,25,2024-06,False
413,2024-06-21,21,6,2024,Friday,June,2,25,2024-06,False
414,2024-06-22,22,6,2024,Saturday,June,2,25,2024-06,True
415,2024-06-23,23,6,2024,Sunday,June,2,25,2024-06,True
416,2024-06-24,24,6,2024,Monday,June,2,26,2024-06,False
417,2024-06-25,25,6,2024,Tuesday,June,2,26,2024-06,False
418,2024-06-26,26,6,2024,Wednesday,June,2,26,2024-06,False
419,2024-06-27,27,6,2024,Thursday,June,2,26,2024-06,False
420,2024-06-28,28,6,2024,Friday,June,2,26,2024-06,False
421,2024-06-29,29,6,2024,Saturday,June,2,26,2024-06,True
422,2024-06-30,30,6,2024,Sunday,June,2,26,2024-06,True
423,2024-07-01,1,7,2024,Monday,July,3,27,2024-07,False
424,2024-07-02,2,7,2024,Tuesday,July,3,27,2024-07,False
425,2024-07-03,3,7,2024,Wednesday,July,3,27,2024-07,False
426,2024-07-04,4,7,2024,Thursday,July,3,27,2024-07,False
427,2024-07-05,5,7,2024,Friday,July,3,27,2024-07,False
428,2024-07-06,6,7,2024,Saturday,July,3,27,2024-07,True
429,2024-07-07,7,7,2024,Sunday,July,3,27,2024-07,True
430,2024-07-08,8,7,2024,Monday,July,3,28,2024-07,False
431,2024-07-09,9,7,2024,Tuesday,July,3,28,2024-07,False
432,2024-07-10,10,7,2024,Wednesday,July,3,28,2024-07,False
433,2024-07-11,11,7,2024,Thursday,July,3,28,2024-07,False
434,2024-07-12,12,7,2024,Friday,July,3,28,2024-07,False
435,2024-07-13,13,7,2024,Saturday,July,3,28,2024-07,True
436,2024-07-14,14,7,2024,Sunday,July,3,28,2024-07,True
437,2024-07-15,15,7,2024,Monday,July,3,29,2024-07,False
438,2024-07-16,16,7,2024,Tuesday,July,3,29,2024-07,False
439,2024-07-17,17,7,2024,Wednesday,July,3,29,2024-07,False
440,2024-07-18,18,7,2024,Thursday,July,3,29,2024-07,False
441,2024-07-19,19,7,2024,Friday,July,3,29,2024-07,False
442,2024-07-20,20,7,2024,Saturday,July,3,29,2024-07,True
443,2024-07-21,21,7,2024,Sunday,July,3,29,2024-07,True
444,2024-07-22,22,7,2024,Monday,July,3,30,2024-07,False
445,2024-07-23,23,7,2024,Tuesday,July,3,30,2024-07,False
446,2024-07-24,24,7,2024,Wednesday,July,3,30,2024-07,False
447,2024-07-25,25,7,2024,Thursday,July,3,30,2024-07,False
448,2024-07-26,26,7,2024,Friday,July,3,30,2024-07,False
449,2024-07-27,27,7,2024,Saturday,July,3,30,2024-07,True
450,2024-07-28,28,7,2024,Sunday,July,3,30,2024-07,True
451,2024-07-29,29,7,2024,Monday,July,3,31,2024-07,False
452,2024-07-30,30,7,2024,Tuesday,July,3,31,2024-07,False
453,2024-07-31,31,7,2024,Wednesday,July,3,31,2024-07,False
454,2024-08-01,1,8,2024,Thursday,August,3,31,2024-08,False
455,2024-08-02,2,8,2024,Friday,August,3,31,2024-08,False
456,2024-08-03,3,8,2024,Saturday,August,3,31,2024-08,True
457,2024-08-04,4,8,2024,Sunday,August,3,31,2024-08,True
458,2024-08-05,5,8,2024,Monday,August,3,32,2024-08,False
459,2024-08-06,6,8,2024,Tuesday,August,3,32,2024-08,False
460,2024-08-07,7,8,2024,Wednesday,August,3,32,2024-08,False
461,2024-08-08,8,8,2024,Thursday,August,3,32,2024-08,False
462,2024-08-09,9,8,2024,Friday,August,3,32,2024-08,False
463,2024-08-10,10,8,2024,Saturday,August,3,32,2024-08,True
464,2024-08-11,11,8,2024,Sunday,August,3,32,2024-08,True
465,2024-08-12,12,8,2024,Monday,August,3,33,2024-08,False
466,2024-08-13,13,8,2024,Tuesday,August,3,33,2024-08,False
467,2024-08-14,14,8,2024,Wednesday,August,3,33,2024-08,False
468,2024-08-15,15,8,2024,Thursday,August,3,33,2024-08,False
469,2024-08-16,16,8,2024,Friday,August,3,33,2024-08,False
470,2024-08-17,17,8,2024,Saturday,August,3,33,2024-08,True
471,2024-08-18,18,8,2024,Sunday,August,3,33,2024-08,True
472,2024-08-19,19,8,2024,Monday,August,3,34,2024-08,False
473,2024-08-20,20,8,2024,Tuesday,August,3,34,2024-08,False
474,2024-08-21,21,8,2024,Wednesday,August,3,34,2024-08,False
475,2024-08-22,22,8,2024,Thursday,August,3,34,2024-08,False
476,2024-08-23,23,8,2024,Friday,August,3,34,2024-08,False
477,2024-08-24,24,8,2024,Saturday,August,3,34,2024-08,True
478,2024-08-25,25,8,2024,Sunday,August,3,34,2024-08,True
479,2024-08-26,26,8,2024,Monday,August,3,35,2024-08,False
480,2024-08-27,27,8,2024,Tuesday,August,3,35,2024-08,False
481,2024-08-28,28,8,2024,Wednesday,August,3,35,2024-08,False
482,2024-08-29,29,8,2024,Thursday,August,3,35,2024-08,False
483,2024-08-30,30,8,2024,Friday,August,3,35,2024-08,False
484,2024-08-31,31,8,2024,Saturday,August,3,35,2024-08,True
485,2024-09-01,1,9,2024,Sunday,September,3,35,2024-09,True
486,2024-09-02,2,9,2024,Monday,September,3,36,2024-09,False
487,2024-09-03,3,9,2024,Tuesday,September,3,36,2024-09,False
488,2024-09-04,4,9,2024,Wednesday,September,3,36,2024-09,False
489,2024-09-05,5,9,2024,Thursday,September,3,36,2024-09,False
490,2024-09-06,6,9,2024,Friday,September,3,36,2024-09,False
491,2024-09-07,7,9,2024,Saturday,September,3,36,2024-09,True
492,2024-09-08,8,9,2024,Sunday,September,3,36,2024-09,True
493,2024-09-09,9,9,2024,Monday,September,3,37,2024-09,False
494,2024-09-10,10,9,2024,Tuesday,September,3,37,2024-09,False
495,2024-09-11,11,9,2024,Wednesday,September,3,37,2024-09,False
496,2024-09-12,12,9,2024,Thursday,September,3,37,2024-09,False
497,2024-09-13,13,9,2024,Friday,September,3,37,2024-09,False
498,2024-09-14,14,9,2024,Saturday,September,3,37,2024-09,True
499,2024-09-15,15,9,2024,Sunday,September,3,37,2024-09,True
500,2024-09-16,16,9,2024,Monday,September,3,38,2024-09,False
501,2024-09-17,17,9,2024,Tuesday,September,3,38,2024-09,False
502,2024-09-18,18,9,2024,Wednesday,September,3,38,2024-09,False
503,2024-09-19,19,9,2024,Thursday,September,3,38,2024-09,False
504,2024-09-20,20,9,2024,Friday,September,3,38,2024-09,False
505,2024-09-21,21,9,2024,Saturday,September,3,38,2024-09,True
506,2024-09-22,22,9,2024,Sunday,September,3,38,2024-09,True
507,2024-09-23,23,9,2024,Monday,September,3,39,2024-09,False
508,2024-09-24,24,9,2024,Tuesday,September,3,39,2024-09,False
509,2024-09-25,25,9,2024,Wednesday,September,3,39,2024-09,False
510,2024-09-26,26,9,2024,Thursday,September,3,39,2024-09,False
511,2024-09-27,27,9,2024,Friday,September,3,39,2024-09,False
512,2024-09-28,28,9,2024,Saturday,September,3,39,2024-09,True
513,2024-09-29,29,9,2024,Sunday,September,3,39,2024-09,True
514,2024-09-30,30,9,2024,Monday,September,3,40,2024-09,False
515,2024-10-01,1,10,2024,Tuesday,October,4,40,2024-10,False
516,2024-10-02,2,10,2024,Wednesday,October,4,40,2024-10,False
517,2024-10-03,3,10,2024,Thursday,October,4,40,2024-10,False
518,2024-10-04,4,10,2024,Friday,October,4,40,2024-10,False
519,2024-10-05,5,10,2024,Saturday,October,4,40,2024-10,True
520,2024-10-06,6,10,2024,Sunday,October,4,40,2024-10,True
521,2024-10-07,7,10,2024,Monday,October,4,41,2024-10,False
522,2024-10-08,8,10,2024,Tuesday,October,4,41,2024-10,False
523,2024-10-09,9,10,2024,Wednesday,October,4,41,2024-10,False
524,2024-10-10,10,10,2024,Thursday,October,4,41,2024-10,False
525,2024-10-11,11,10,2024,Friday,October,4,41,2024-10,False
526,2024-10-12,12,10,2024,Saturday,October,4,41,2024-10,True
527,2024-10-13,13,10,2024,Sunday,October,4,41,2024-10,True
528,2024-10-14,14,10,2024,Monday,October,4,42,2024-10,False
529,2024-10-15,15,10,2024,Tuesday,October,4,42,2024-10,False
530,2024-10-16,16,10,2024,Wednesday,October,4,42,2024-10,False
531,2024-10-17,17,10,2024,Thursday,October,4,42,2024-10,False
532,2024-10-18,18,10,2024,Friday,October,4,42,2024-10,False
533,2024-10-19,19,10,2024,Saturday,October,4,42,2024-10,True
534,2024-10-20,20,10,2024,Sunday,October,4,42,2024-10,True
535,2024-10-21,21,10,2024,Monday,October,4,43,2024-10,False
536,2024-10-22,22,10,2024,Tuesday,October,4,43,2024-10,False
537,2024-10-23,23,10,2024,Wednesday,October,4,43,2024-10,False
538,2024-10-24,24,10,2024,Thursday,October,4,43,2024-10,False
539,2024-10-25,25,10,2024,Friday,October,4,43,2024-10,False
540,2024-10-26,26,10,2024,Saturday,October,4,43,2024-10,True
541,2024-10-27,27,10,2024,Sunday,October,4,43,2024-10,True
542,2024-10-28,28,10,2024,Monday,October,4,44,2024-10,False
543,2024-10-29,29,10,2024,Tuesday,October,4,44,2024-10,False
544,2024-10-30,30,10,2024,Wednesday,October,4,44,2024-10,False
545,2024-10-31,31,10,2024,Thursday,October,4,44,2024-10,False
546,2024-11-01,1,11,2024,Friday,November,4,44,2024-11,False
547,2024-11-02,2,11,2024,Saturday,November,4,44,2024-11,True
548,2024-11-03,3,11,2024,Sunday,November,4,44,2024-11,True
549,2024-11-04,4,11,2024,Monday,November,4,45,2024-11,False
550,2024-11-05,5,11,2024,Tuesday,November,4,45,2024-11,False
551,2024-11-06,6,11,2024,Wednesday,November,4,45,2024-11,False
552,2024-11-07,7,11,2024,Thursday,November,4,45,2024-11,False
553,2024-11-08,8,11,2024,Friday,November,4,45,2024-11,False
554,2024-11-09,9,11,2024,Saturday,November,4,45,2024-11,True
555,2024-11-10,10,11,2024,Sunday,November,4,45,2024-11,True
556,2024-11-11,11,11,2024,Monday,November,4,46,2024-11,False
557,2024-11-12,12,11,2024,Tuesday,November,4,46,2024-11,False
558,2024-11-13,13,11,2024,Wednesday,November,4,46,2024-11,False
559,2024-11-14,14,11,2024,Thursday,November,4,46,2024-11,False
560,2024-11-15,15,11,2024,Friday,November,4,46,2024-11,False
561,2024-11-16,16,11,2024,Saturday,November,4,46,2024-11,True
562,2024-11-17,17,11,2024,Sunday,November,4,46,2024-11,True
563,2024-11-18,18,11,2024,Monday,November,4,47,2024-11,False
564,2024-11-19,19,11,2024,Tuesday,November,4,47,2024-11,False
565,2024-11-20,20,11,2024,Wednesday,November,4,47,2024-11,False
566,2024-11-21,21,11,2024,Thursday,November,4,47,2024-11,False
567,2024-11-22,22,11,2024,Friday,November,4,47,2024-11,False
568,2024-11-23,23,11,2024,Saturday,November,4,47,2024-11,True
569,2024-11-24,24,11,2024,Sunday,November,4,47,2024-11,True
570,2024-11-25,25,11,2024,Monday,November,4,48,2024-11,False
571,2024-11-26,26,11,2024,Tuesday,November,4,48,2024-11,False
572,2024-11-27,27,11,2024,Wednesday,November,4,48,2024-11,False
573,2024-11-28,28,11,2024,Thursday,November,4,48,2024-11,False
574,2024-11-29,29,11,2024,Friday,November,4,48,2024-11,False
575,2024-11-30,30,11,2024,Saturday,November,4,48,2024-11,True
576,2024-12-01,1,12,2024,Sunday,December,4,48,2024-12,True
577,2024-12-02,2,12,2024,Monday,December,4,49,2024-12,False
578,2024-12-03,3,12,2024,Tuesday,December,4,49,2024-12,False
579,2024-12-04,4,12,2024,Wednesday,December,4,49,2024-12,False
580,2024-12-05,5,12,2024,Thursday,December,4,49,2024-12,False
581,2024-12-06,6,12,2024,Friday,December,4,49,2024-12,False
582,2024-12-07,7,12,2024,Saturday,December,4,49,2024-12,True
583,2024-12-08,8,12,2024,Sunday,December,4,49,2024-12,True
584,2024-12-09,9,12,2024,Monday,December,4,50,2024-12,False
585,2024-12-10,10,12,2024,Tuesday,December,4,50,2024-12,False
586,2024-12-11,11,12,2024,Wednesday,December,4,50,2024-12,False
587,2024-12-12,12,12,2024,Thursday,December,4,50,2024-12,False
588,2024-12-13,13,12,2024,Friday,December,4,50,2024-12,False
589,2024-12-14,14,12,2024,Saturday,December,4,50,2024-12,True
590,2024-12-15,15,12,2024,Sunday,December,4,50,2024-12,True
591,2024-12-16,16,12,2024,Monday,December,4,51,2024-12,False
592,2024-12-17,17,12,2024,Tuesday,December,4,51,2024-12,False
593,2024-12-18,18,12,2024,Wednesday,December,4,51,2024-12,False
594,2024-12-19,19,12,2024,Thursday,December,4,51,2024-12,False
595,2024-12-20,20,12,2024,Friday,December,4,51,2024-12,False
596,2024-12-21,21,12,2024,Saturday,December,4,51,2024-12,True
597,2024-12-22,22,12,2024,Sunday,December,4,51,2024-12,True
598,2024-12-23,23,12,2024,Monday,December,4,52,2024-12,False
599,2024-12-24,24,12,2024,Tuesday,December,4,52,2024-12,False
600,2024-12-25,25,12,2024,Wednesday,December,4,52,2024-12,False
601,2024-12-26,26,12,2024,Thursday,December,4,52,2024-12,False
602,2024-12-27,27,12,2024,Friday,December,4,52,2024-12,False
603,2024-12-28,28,12,2024,Saturday,December,4,52,2024-12,True
604,2024-12-29,29,12,2024,Sunday,December,4,52,2024-12,True
605,2024-12-30,30,12,2024,Monday,December,4,1,2024-12,False
606,2024-12-31,31,12,2024,Tuesday,December,4,1,2024-12,False
607,2025-01-01,1,1,2025,Wednesday,January,1,1,2025-01,False
608,2025-01-02,2,1,2025,Thursday,January,1,1,2025-01,False
609,2025-01-03,3,1,2025,Friday,January,1,1,2025-01,False
610,2025-01-04,4,1,2025,Saturday,January,1,1,2025-01,True
611,2025-01-05,5,1,2025,Sunday,January,1,1,2025-01,True
612,2025-01-06,6,1,2025,Monday,January,1,2,2025-01,False
613,2025-01-07,7,1,2025,Tuesday,January,1,2,2025-01,False
614,2025-01-08,8,1,2025,Wednesday,January,1,2,2025-01,False
615,2025-01-09,9,1,2025,Thursday,January,1,2,2025-01,False
616,2025-01-10,10,1,2025,Friday,January,1,2,2025-01,False
617,2025-01-11,11,1,2025,Saturday,January,1,2,2025-01,True
618,2025-01-12,12,1,2025,Sunday,January,1,2,2025-01,True
619,2025-01-13,13,1,2025,Monday,January,1,3,2025-01,False
620,2025-01-14,14,1,2025,Tuesday,January,1,3,2025-01,False
621,2025-01-15,15,1,2025,Wednesday,January,1,3,2025-01,False
622,2025-01-16,16,1,2025,Thursday,January,1,3,2025-01,False
623,2025-01-17,17,1,2025,Friday,January,1,3,2025-01,False
624,2025-01-18,18,1,2025,Saturday,January,1,3,2025-01,True
625,2025-01-19,19,1,2025,Sunday,January,1,3,2025-01,True
626,2025-01-20,20,1,2025,Monday,January,1,4,2025-01,False
627,2025-01-21,21,1,2025,Tuesday,January,1,4,2025-01,False
628,2025-01-22,22,1,2025,Wednesday,January,1,4,2025-01,False
629,2025-01-23,23,1,2025,Thursday,January,1,4,2025-01,False
630,2025-01-24,24,1,2025,Friday,January,1,4,2025-01,False
631,2025-01-25,25,1,2025,Saturday,January,1,4,2025-01,True
632,2025-01-26,26,1,2025,Sunday,January,1,4,2025-01,True
633,2025-01-27,27,1,2025,Monday,January,1,5,2025-01,False
634,2025-01-28,28,1,2025,Tuesday,January,1,5,2025-01,False
635,2025-01-29,29,1,2025,Wednesday,January,1,5,2025-01,False
636,2025-01-30,30,1,2025,Thursday,January,1,5,2025-01,False
637,2025-01-31,31,1,2025,Friday,January,1,5,2025-01,False
638,2025-02-01,1,2,2025,Saturday,February,1,5,2025-02,True
639,2025-02-02,2,2,2025,Sunday,February,1,5,2025-02,True
640,2025-02-03,3,2,2025,Monday,February,1,6,2025-02,False
641,2025-02-04,4,2,2025,Tuesday,February,1,6,2025-02,False
642,2025-02-05,5,2,2025,Wednesday,February,1,6,2025-02,False
643,2025-02-06,6,2,2025,Thursday,February,1,6,2025-02,False
644,2025-02-07,7,2,2025,Friday,February,1,6,2025-02,False
645,2025-02-08,8,2,2025,Saturday,February,1,6,2025-02,True
646,2025-02-09,9,2,2025,Sunday,February,1,6,2025-02,True
647,2025-02-10,10,2,2025,Monday,February,1,7,2025-02,False
648,2025-02-11,11,2,2025,Tuesday,February,1,7,2025-02,False
649,2025-02-12,12,2,2025,Wednesday,February,1,7,2025-02,False
650,2025-02-13,13,2,2025,Thursday,February,1,7,2025-02,False
651,2025-02-14,14,2,2025,Friday,February,1,7,2025-02,False
652,2025-02-15,15,2,2025,Saturday,February,1,7,2025-02,True
653,2025-02-16,16,2,2025,Sunday,February,1,7,2025-02,True
654,2025-02-17,17,2,2025,Monday,February,1,8,2025-02,False
655,2025-02-18,18,2,2025,Tuesday,February,1,8,2025-02,False
656,2025-02-19,19,2,2025,Wednesday,February,1,8,2025-02,False
657,2025-02-20,20,2,2025,Thursday,February,1,8,2025-02,False
658,2025-02-21,21,2,2025,Friday,February,1,8,2025-02,False
659,2025-02-22,22,2,2025,Saturday,February,1,8,2025-02,True
660,2025-02-23,23,2,2025,Sunday,February,1,8,2025-02,True
661,2025-02-24,24,2,2025,Monday,February,1,9,2025-02,False
662,2025-02-25,25,2,2025,Tuesday,February,1,9,2025-02,False
663,2025-02-26,26,2,2025,Wednesday,February,1,9,2025-02,False
664,2025-02-27,27,2,2025,Thursday,February,1,9,2025-02,False
665,2025-02-28,28,2,2025,Friday,February,1,9,2025-02,False
666,2025-03-01,1,3,2025,Saturday,March,1,9,2025-03,True
667,2025-03-02,2,3,2025,Sunday,March,1,9,2025-03,True
668,2025-03-03,3,3,2025,Monday,March,1,10,2025-03,False
669,2025-03-04,4,3,2025,Tuesday,March,1,10,2025-03,False
670,2025-03-05,5,3,2025,Wednesday,March,1,10,2025-03,False
671,2025-03-06,6,3,2025,Thursday,March,1,10,2025-03,False
672,2025-03-07,7,3,2025,Friday,March,1,10,2025-03,False
673,2025-03-08,8,3,2025,Saturday,March,1,10,2025-03,True
674,2025-03-09,9,3,2025,Sunday,March,1,10,2025-03,True
675,2025-03-10,10,3,2025,Monday,March,1,11,2025-03,False
676,2025-03-11,11,3,2025,Tuesday,March,1,11,2025-03,False
677,2025-03-12,12,3,2025,Wednesday,March,1,11,2025-03,False
678,2025-03-13,13,3,2025,Thursday,March,1,11,2025-03,False
679,2025-03-14,14,3,2025,Friday,March,1,11,2025-03,False
680,2025-03-15,15,3,2025,Saturday,March,1,11,2025-03,True
681,2025-03-16,16,3,2025,Sunday,March,1,11,2025-03,True
682,2025-03-17,17,3,2025,Monday,March,1,12,2025-03,False
683,2025-03-18,18,3,2025,Tuesday,March,1,12,2025-03,False
684,2025-03-19,19,3,2025,Wednesday,March,1,12,2025-03,False
685,2025-03-20,20,3,2025,Thursday,March,1,12,2025-03,False
686,2025-03-21,21,3,2025,Friday,March,1,12,2025-03,False
687,2025-03-22,22,3,2025,Saturday,March,1,12,2025-03,True
688,2025-03-23,23,3,2025,Sunday,March,1,12,2025-03,True
689,2025-03-24,24,3,2025,Monday,March,1,13,2025-03,False
690,2025-03-25,25,3,2025,Tuesday,March,1,13,2025-03,False
691,2025-03-26,26,3,2025,Wednesday,March,1,13,2025-03,False
692,2025-03-27,27,3,2025,Thursday,March,1,13,2025-03,False
693,2025-03-28,28,3,2025,Friday,March,1,13,2025-03,False
694,2025-03-29,29,3,2025,Saturday,March,1,13,2025-03,True
695,2025-03-30,30,3,2025,Sunday,March,1,13,2025-03,True
696,2025-03-31,31,3,2025,Monday,March,1,14,2025-03,False
697,2025-04-01,1,4,2025,Tuesday,April,2,14,2025-04,False
698,2025-04-02,2,4,2025,Wednesday,April,2,14,2025-04,False
699,2025-04-03,3,4,2025,Thursday,April,2,14,2025-04,False
700,2025-04-04,4,4,2025,Friday,April,2,14,2025-04,False
701,2025-04-05,5,4,2025,Saturday,April,2,14,2025-04,True
702,2025-04-06,6,4,2025,Sunday,April,2,14,2025-04,True
703,2025-04-07,7,4,2025,Monday,April,2,15,2025-04,False
704,2025-04-08,8,4,2025,Tuesday,April,2,15,2025-04,False
705,2025-04-09,9,4,2025,Wednesday,April,2,15,2025-04,False
706,2025-04-10,10,4,2025,Thursday,April,2,15,2025-04,False
707,2025-04-11,11,4,2025,Friday,April,2,15,2025-04,False
708,2025-04-12,12,4,2025,Saturday,April,2,15,2025-04,True
709,2025-04-13,13,4,2025,Sunday,April,2,15,2025-04,True
710,2025-04-14,14,4,2025,Monday,April,2,16,2025-04,False
711,2025-04-15,15,4,2025,Tuesday,April,2,16,2025-04,False
712,2025-04-16,16,4,2025,Wednesday,April,2,16,2025-04,False
713,2025-04-17,17,4,2025,Thursday,April,2,16,2025-04,False
714,2025-04-18,18,4,2025,Friday,April,2,16,2025-04,False
715,2025-04-19,19,4,2025,Saturday,April,2,16,2025-04,True
716,2025-04-20,20,4,2025,Sunday,April,2,16,2025-04,True
717,2025-04-21,21,4,2025,Monday,April,2,17,2025-04,False
718,2025-04-22,22,4,2025,Tuesday,April,2,17,2025-04,False
719,2025-04-23,23,4,2025,Wednesday,April,2,17,2025-04,False
720,2025-04-24,24,4,2025,Thursday,April,2,17,2025-04,False
721,2025-04-25,25,4,2025,Friday,April,2,17,2025-04,False
722,2025-04-26,26,4,2025,Saturday,April,2,17,2025-04,True
723,2025-04-27,27,4,2025,Sunday,April,2,17,2025-04,True
724,2025-04-28,28,4,2025,Monday,April,2,18,2025-04,False
725,2025-04-29,29,4,2025,Tuesday,April,2,18,2025-04,False
726,2025-04-30,30,4,2025,Wednesday,April,2,18,2025-04,False
727,2025-05-01,1,5,2025,Thursday,May,2,18,2025-05,False
728,2025-05-02,2,5,2025,Friday,May,2,18,2025-05,False
729,2025-05-03,3,5,2025,Saturday,May,2,18,2025-05,True
730,2025-05-04,4,5,2025,Sunday,May,2,18,2025-05,True
731,2025-05-05,5,5,2025,Monday,May,2,19,2025-05,False
732,2025-05-06,6,5,2025,Tuesday,May,2,19,2025-05,False
733,2025-05-07,7,5,2025,Wednesday,May,2,19,2025-05,False
734,2025-05-08,8,5,2025,Thursday,May,2,19,2025-05,False
735,2025-05-09,9,5,2025,Friday,May,2,19,2025-05,False
736,2025-05-10,10,5,2025,Saturday,May,2,19,2025-05,True
737,2025-05-11,11,5,2025,Sunday,May,2,19,2025-05,True
738,2025-05-12,12,5,2025,Monday,May,2,20,2025-05,False
739,2025-05-13,13,5,2025,Tuesday,May,2,20,2025-05,False
740,2025-05-14,14,5,2025,Wednesday,May,2,20,2025-05,False
741,2025-05-15,15,5,2025,Thursday,May,2,20,2025-05,False
742,2025-05-16,16,5,2025,Friday,May,2,20,2025-05,False
743,2025-05-17,17,5,2025,Saturday,May,2,20,2025-05,True
744,2025-05-18,18,5,2025,Sunday,May,2,20,2025-05,True
745,2025-05-19,19,5,2025,Monday,May,2,21,2025-05,False
746,2025-05-20,20,5,2025,Tuesday,May,2,21,2025-05,False
747,2025-05-21,21,5,2025,Wednesday,May,2,21,2025-05,False
748,2025-05-22,22,5,2025,Thursday,May,2,21,2025-05,False
749,2025-05-23,23,5,2025,Friday,May,2,21,2025-05,False
750,2025-05-24,24,5,2025,Saturday,May,2,21,2025-05,True
751,2025-05-25,25,5,2025,Sunday,May,2,21,2025-05,True
752,2025-05-26,26,5,2025,Monday,May,2,22,2025-05,False
753,2025-05-27,27,5,2025,Tuesday,May,2,22,2025-05,False
754,2025-05-28,28,5,2025,Wednesday,May,2,22,2025-05,False
755,2025-05-29,29,5,2025,Thursday,May,2,22,2025-05,False
756,2025-05-30,30,5,2025,Friday,May,2,22,2025-05,False
757,2025-05-31,31,5,2025,Saturday,May,2,22,2025-05,True
758,2025-06-01,1,6,2025,Sunday,June,2,22,2025-06,True
759,2025-06-02,2,6,2025,Monday,June,2,23,2025-06,False
760,2025-06-03,3,6,2025,Tuesday,June,2,23,2025-06,False
761,2025-06-04,4,6,2025,Wednesday,June,2,23,2025-06,False
762,2025-06-05,5,6,2025,Thursday,June,2,23,2025-06,False
763,2025-06-06,6,6,2025,Friday,June,2,23,2025-06,False
764,2025-06-07,7,6,2025,Saturday,June,2,23,2025-06,True
765,2025-06-08,8,6,2025,Sunday,June,2,23,2025-06,True
766,2025-06-09,9,6,2025,Monday,June,2,24,2025-06,False
767,2025-06-10,10,6,2025,Tuesday,June,2,24,2025-06,False
768,2025-06-11,11,6,2025,Wednesday,June,2,24,2025-06,False
769,2025-06-12,12,6,2025,Thursday,June,2,24,2025-06,False
770,2025-06-13,13,6,2025,Friday,June,2,24,2025-06,False
771,2025-06-14,14,6,2025,Saturday,June,2,24,2025-06,True
772,2025-06-15,15,6,2025,Sunday,June,2,24,2025-06,True
773,2025-06-16,16,6,2025,Monday,June,2,25,2025-06,False
774,2025-06-17,17,6,2025,Tuesday,June,2,25,2025-06,False
775,2025-06-18,18,6,2025,Wednesday,June,2,25,2025-06,False
776,2025-06-19,19,6,2025,Thursday,June,2,25,2025-06,False
777,2025-06-20,20,6,2025,Friday,June,2,25,2025-06,False
778,2025-06-21,21,6,2025,Saturday,June,2,25,2025-06,True
779,2025-06-22,22,6,2025,Sunday,June,2,25,2025-06,True
780,2025-06-23,23,6,2025,Monday,June,2,26,2025-06,False
781,2025-06-24,24,6,2025,Tuesday,June,2,26,2025-06,False
782,2025-06-25,25,6,2025,Wednesday,June,2,26,2025-06,False
783,2025-06-26,26,6,2025,Thursday,June,2,26,2025-06,False
784,2025-06-27,27,6,2025,Friday,June,2,26,2025-06,False
785,2025-06-28,28,6,2025,Saturday,June,2,26,2025-06,True
786,2025-06-29,29,6,2025,Sunday,June,2,26,2025-06,True
787,2025-06-30,30,6,2025,Monday,June,2,27,2025-06,False
788,2025-07-01,1,7,2025,Tuesday,July,3,27,2025-07,False
789,2025-07-02,2,7,2025,Wednesday,July,3,27,2025-07,False
790,2025-07-03,3,7,2025,Thursday,July,3,27,2025-07,False
791,2025-07-04,4,7,2025,Friday,July,3,27,2025-07,False
792,2025-07-05,5,7,2025,Saturday,July,3,27,2025-07,True
793,2025-07-06,6,7,2025,Sunday,July,3,27,2025-07,True
794,2025-07-07,7,7,2025,Monday,July,3,28,2025-07,False
795,2025-07-08,8,7,2025,Tuesday,July,3,28,2025-07,False
796,2025-07-09,9,7,2025,Wednesday,July,3,28,2025-07,False
797,2025-07-10,10,7,2025,Thursday,July,3,28,2025-07,False
798,2025-07-11,11,7,2025,Friday,July,3,28,2025-07,False
799,2025-07-12,12,7,2025,Saturday,July,3,28,2025-07,True
800,2025-07-13,13,7,2025,Sunday,July,3,28,2025-07,True
801,2025-07-14,14,7,2025,Monday,July,3,29,2025-07,False
802,2025-07-15,15,7,2025,Tuesday,July,3,29,2025-07,False
803,2025-07-16,16,7,2025,Wednesday,July,3,29,2025-07,False
804,2025-07-17,17,7,2025,Thursday,July,3,29,2025-07,False
805,2025-07-18,18,7,2025,Friday,July,3,29,2025-07,False
806,2025-07-19,19,7,2025,Saturday,July,3,29,2025-07,True
807,2025-07-20,20,7,2025,Sunday,July,3,29,2025-07,True
808,2025-07-21,21,7,2025,Monday,July,3,30,2025-07,False
809,2025-07-22,22,7,2025,Tuesday,July,3,30,2025-07,False
810,2025-07-23,23,7,2025,Wednesday,July,3,30,2025-07,False
811,2025-07-24,24,7,2025,Thursday,July,3,30,2025-07,False
812,2025-07-25,25,7,2025,Friday,July,3,30,2025-07,False
813,2025-07-26,26,7,2025,Saturday,July,3,30,2025-07,True
814,2025-07-27,27,7,2025,Sunday,July,3,30,2025-07,True
815,2025-07-28,28,7,2025,Monday,July,3,31,2025-07,False
816,2025-07-29,29,7,2025,Tuesday,July,3,31,2025-07,False
817,2025-07-30,30,7,2025,Wednesday,July,3,31,2025-07,False
818,2025-07-31,31,7,2025,Thursday,July,3,31,2025-07,False
819,2025-08-01,1,8,2025,Friday,August,3,31,2025-08,False
820,2025-08-02,2,8,2025,Saturday,August,3,31,2025-08,True
821,2025-08-03,3,8,2025,Sunday,August,3,31,2025-08,True
822,2025-08-04,4,8,2025,Monday,August,3,32,2025-08,False
823,2025-08-05,5,8,2025,Tuesday,August,3,32,2025-08,False
824,2025-08-06,6,8,2025,Wednesday,August,3,32,2025-08,False
825,2025-08-07,7,8,2025,Thursday,August,3,32,2025-08,False
826,2025-08-08,8,8,2025,Friday,August,3,32,2025-08,False
827,2025-08-09,9,8,2025,Saturday,August,3,32,2025-08,True
828,2025-08-10,10,8,2025,Sunday,August,3,32,2025-08,True
829,2025-08-11,11,8,2025,Monday,August,3,33,2025-08,False
830,2025-08-12,12,8,2025,Tuesday,August,3,33,2025-08,False
831,2025-08-13,13,8,2025,Wednesday,August,3,33,2025-08,False
832,2025-08-14,14,8,2025,Thursday,August,3,33,2025-08,False
833,2025-08-15,15,8,2025,Friday,August,3,33,2025-08,False
834,2025-08-16,16,8,2025,Saturday,August,3,33,2025-08,True
835,2025-08-17,17,8,2025,Sunday,August,3,33,2025-08,True
836,2025-08-18,18,8,2025,Monday,August,3,34,2025-08,False
837,2025-08-19,19,8,2025,Tuesday,August,3,34,2025-08,False
838,2025-08-20,20,8,2025,Wednesday,August,3,34,2025-08,False
839,2025-08-21,21,8,2025,Thursday,August,3,34,2025-08,False
840,2025-08-22,22,8,2025,Friday,August,3,34,2025-08,False
841,2025-08-23,23,8,2025,Saturday,August,3,34,2025-08,True
842,2025-08-24,24,8,2025,Sunday,August,3,34,2025-08,True
843,2025-08-25,25,8,2025,Monday,August,3,35,2025-08,False
844,2025-08-26,26,8,2025,Tuesday,August,3,35,2025-08,False
845,2025-08-27,27,8,2025,Wednesday,August,3,35,2025-08,False
846,2025-08-28,28,8,2025,Thursday,August,3,35,2025-08,False
847,2025-08-29,29,8,2025,Friday,August,3,35,2025-08,False
848,2025-08-30,30,8,2025,Saturday,August,3,35,2025-08,True
849,2025-08-31,31,8,2025,Sunday,August,3,35,2025-08,True
850,2025-09-01,1,9,2025,Monday,September,3,36,2025-09,False
851,2025-09-02,2,9,2025,Tuesday,September,3,36,2025-09,False
852,2025-09-03,3,9,2025,Wednesday,September,3,36,2025-09,False
853,2025-09-04,4,9,2025,Thursday,September,3,36,2025-09,False
854,2025-09-05,5,9,2025,Friday,September,3,36,2025-09,False
855,2025-09-06,6,9,2025,Saturday,September,3,36,2025-09,True
856,2025-09-07,7,9,2025,Sunday,September,3,36,2025-09,True
857,2025-09-08,8,9,2025,Monday,September,3,37,2025-09,False
858,2025-09-09,9,9,2025,Tuesday,September,3,37,2025-09,False
859,2025-09-10,10,9,2025,Wednesday,September,3,37,2025-09,False
860,2025-09-11,11,9,2025,Thursday,September,3,37,2025-09,False
861,2025-09-12,12,9,2025,Friday,September,3,37,2025-09,False
862,2025-09-13,13,9,2025,Saturday,September,3,37,2025-09,True
863,2025-09-14,14,9,2025,Sunday,September,3,37,2025-09,True
864,2025-09-15,15,9,2025,Monday,September,3,38,2025-09,False
865,2025-09-16,16,9,2025,Tuesday,September,3,38,2025-09,False
866,2025-09-17,17,9,2025,Wednesday,September,3,38,2025-09,False
867,2025-09-18,18,9,2025,Thursday,September,3,38,2025-09,False
868,2025-09-19,19,9,2025,Friday,September,3,38,2025-09,False
869,2025-09-20,20,9,2025,Saturday,September,3,38,2025-09,True
870,2025-09-21,21,9,2025,Sunday,September,3,38,2025-09,True
871,2025-09-22,22,9,2025,Monday,September,3,39,2025-09,False
872,2025-09-23,23,9,2025,Tuesday,September,3,39,2025-09,False
873,2025-09-24,24,9,2025,Wednesday,September,3,39,2025-09,False
874,2025-09-25,25,9,2025,Thursday,September,3,39,2025-09,False
875,2025-09-26,26,9,2025,Friday,September,3,39,2025-09,False
876,2025-09-27,27,9,2025,Saturday,September,3,39,2025-09,True
877,2025-09-28,28,9,2025,Sunday,September,3,39,2025-09,True
878,2025-09-29,29,9,2025,Monday,September,3,40,2025-09,False
879,2025-09-30,30,9,2025,Tuesday,September,3,40,2025-09,False
880,2025-10-01,1,10,2025,Wednesday,October,4,40,2025-10,False
881,2025-10-02,2,10,2025,Thursday,October,4,40,2025-10,False
882,2025-10-03,3,10,2025,Friday,October,4,40,2025-10,False
883,2025-10-04,4,10,2025,Saturday,October,4,40,2025-10,True
884,2025-10-05,5,10,2025,Sunday,October,4,40,2025-10,True
885,2025-10-06,6,10,2025,Monday,October,4,41,2025-10,False
886,2025-10-07,7,10,2025,Tuesday,October,4,41,2025-10,False
887,2025-10-08,8,10,2025,Wednesday,October,4,41,2025-10,False
888,2025-10-09,9,10,2025,Thursday,October,4,41,2025-10,False
889,2025-10-10,10,10,2025,Friday,October,4,41,2025-10,False
890,2025-10-11,11,10,2025,Saturday,October,4,41,2025-10,True
891,2025-10-12,12,10,2025,Sunday,October,4,41,2025-10,True
