id,customer_id,channel_id,responded_at_date_id,responded_at_time,score
13000000000,1083,1,393,03:07:26,10
13000000001,1383,1,311,13:19:21,5
13000000002,179,1,342,23:16:07,10
13000000003,566,1,422,17:09:09,7
13000000004,1004,1,642,02:14:04,8
13000000005,1261,1,771,03:14:19,10
13000000006,1376,1,350,16:54:51,6
13000000007,837,1,425,21:24:42,3
13000000008,994,1,808,20:49:01,7
13000000009,192,1,344,08:57:20,8
13000000010,1330,1,549,16:13:34,6
13000000011,442,2,790,01:14:44,0
13000000012,57,1,726,09:11:49,7
13000000013,559,1,825,09:04:49,8
13000000014,130,1,712,12:47:22,10
13000000015,238,2,418,03:02:56,4
13000000016,629,1,713,10:53:49,8
13000000017,1162,2,381,06:01:40,7
13000000018,80,2,519,22:11:11,9
13000000019,1233,2,319,06:51:10,2
13000000020,217,1,463,22:17:11,2
13000000021,1015,2,837,12:23:24,5
13000000022,1086,2,339,15:30:30,7
13000000023,692,1,268,17:20:54,9
13000000024,960,1,540,18:33:14,6
13000000025,695,2,695,05:45:07,2
13000000026,438,1,764,11:44:23,10
13000000027,564,1,734,00:53:32,9
13000000028,1261,1,751,21:17:36,7
13000000029,1122,2,402,01:15:40,4
13000000030,1427,1,885,14:57:36,5
13000000031,661,1,483,23:16:06,10
13000000032,1055,2,645,09:38:10,8
13000000033,321,2,673,01:47:46,8
13000000034,500,1,444,04:57:19,10
13000000035,544,1,410,21:33:38,8
13000000036,1405,2,445,01:29:34,8
13000000037,952,1,484,06:49:31,5
13000000038,128,2,604,11:45:16,3
13000000039,342,2,789,18:54:21,8
13000000040,19,2,382,01:36:06,3
13000000041,189,1,444,03:55:21,8
13000000042,797,1,856,18:46:17,4
13000000043,1004,2,586,16:56:35,8
13000000044,426,2,695,04:35:06,9
13000000045,1026,1,831,00:52:13,8
13000000046,812,2,715,22:10:36,7
13000000047,994,1,313,21:25:13,10
13000000048,1171,2,810,12:41:39,10
13000000049,1207,2,691,22:23:24,2
13000000050,1467,1,563,16:03:56,8
13000000051,1484,2,398,12:49:26,8
13000000052,815,1,384,01:17:13,9
13000000053,500,1,427,10:13:55,9
13000000054,1048,2,591,02:55:03,10
13000000055,19,1,345,19:57:51,7
13000000056,804,2,519,09:06:36,7
13000000057,500,2,537,07:11:59,9
13000000058,1179,2,775,16:46:05,7
13000000059,902,2,701,16:44:09,9
13000000060,548,1,302,17:49:39,6
13000000061,1335,1,255,01:01:50,9
13000000062,903,1,446,20:38:24,10
13000000063,807,1,722,21:04:24,8
13000000064,43,2,693,04:27:32,7
13000000065,1189,2,726,19:36:36,8
13000000066,554,1,422,01:24:03,7
13000000067,1411,1,631,05:47:13,9
13000000068,990,1,289,03:58:07,2
13000000069,581,2,361,08:18:05,8
13000000070,1214,2,760,03:16:28,2
13000000071,1182,1,761,13:38:56,8
13000000072,56,2,529,02:07:22,9
13000000073,1443,1,462,20:40:50,9
13000000074,822,1,508,19:46:26,9
13000000075,18,1,814,10:40:20,7
13000000076,436,1,587,16:09:46,8
13000000077,558,2,468,02:57:02,9
13000000078,1202,2,722,08:56:16,9
13000000079,1412,2,520,13:55:55,0
13000000080,1336,2,667,11:16:01,6
13000000081,1336,1,865,15:58:29,7
13000000082,1224,2,584,15:30:01,10
13000000083,859,1,450,23:10:32,9
13000000084,818,1,268,01:51:31,10
13000000085,816,2,540,15:24:03,6
13000000086,653,1,530,16:02:50,9
13000000087,1056,1,589,22:25:30,8
13000000088,1037,1,276,01:27:21,7
13000000089,959,2,603,05:03:44,8
13000000090,1406,1,603,08:55:01,6
13000000091,1296,1,789,05:34:01,9
13000000092,629,1,833,08:13:29,5
13000000093,439,2,306,17:38:20,4
13000000094,1423,1,850,07:05:10,8
13000000095,1336,2,390,18:52:17,8
13000000096,1453,2,842,07:59:57,6
13000000097,722,1,460,05:28:56,8
13000000098,616,1,461,11:26:29,10
13000000099,1104,1,468,19:44:46,10
13000000100,1004,1,531,21:13:26,4
13000000101,304,2,339,15:38:45,9
13000000102,114,2,254,03:49:59,10
13000000103,248,2,522,07:56:45,9
13000000104,208,1,379,10:16:29,5
13000000105,445,1,260,05:58:36,10
13000000106,1304,2,285,08:22:10,10
13000000107,1493,1,482,09:09:29,7
13000000108,1123,1,475,13:36:21,8
13000000109,174,2,811,22:30:44,5
13000000110,825,1,832,09:41:17,8
13000000111,1120,2,772,02:46:10,4
13000000112,1101,1,252,20:11:48,3
13000000113,659,2,281,11:28:56,7
13000000114,1379,1,263,11:07:47,7
13000000115,550,2,869,01:42:57,9
13000000116,1177,1,314,07:03:19,7
13000000117,1149,1,764,21:12:25,9
13000000118,236,1,759,05:22:07,9
13000000119,226,1,640,08:27:37,9
13000000120,850,2,647,18:37:18,6
13000000121,599,1,533,20:28:14,8
13000000122,1230,2,835,14:30:34,9
13000000123,1177,1,675,16:20:54,7
13000000124,728,1,625,15:18:51,9
13000000125,268,2,631,18:25:48,7
13000000126,980,2,537,13:31:00,8
13000000127,902,2,273,03:24:41,5
13000000128,800,2,337,20:41:00,4
13000000129,1447,1,717,06:04:43,10
13000000130,130,1,659,21:56:23,7
13000000131,1176,2,758,13:10:21,9
13000000132,771,2,818,23:17:20,8
13000000133,158,1,580,19:34:31,0
13000000134,811,1,769,19:46:53,1
13000000135,1369,1,518,04:24:07,8
13000000136,131,2,613,18:36:27,8
13000000137,69,2,436,11:53:39,9
13000000138,395,1,449,08:37:44,9
13000000139,1106,2,671,00:15:24,6
13000000140,4,1,469,07:39:35,0
13000000141,292,1,803,23:23:34,7
13000000142,1467,1,630,09:56:23,5
13000000143,317,1,492,07:10:51,1
13000000144,1374,2,792,03:12:50,10
13000000145,607,1,294,15:36:46,6
13000000146,661,1,746,10:57:59,8
13000000147,315,1,391,09:01:29,7
13000000148,522,2,516,23:54:48,0
13000000149,697,1,530,22:50:22,2
13000000150,1351,1,752,09:53:04,5
13000000151,1209,2,676,06:28:35,9
13000000152,93,1,511,01:34:02,8
13000000153,8,2,794,20:57:30,8
13000000154,1487,1,645,14:01:29,8
13000000155,501,1,761,22:40:43,9
13000000156,949,1,792,11:58:50,8
13000000157,745,1,620,13:16:12,10
13000000158,58,2,865,11:08:21,8
13000000159,1226,1,733,07:34:03,9
13000000160,952,2,331,02:48:46,8
13000000161,1424,1,805,01:30:02,7
13000000162,146,1,870,13:35:48,8
13000000163,831,1,666,17:55:25,3
13000000164,991,1,822,23:43:06,0
13000000165,485,1,617,11:56:27,8
13000000166,789,2,465,19:05:31,4
13000000167,1456,1,326,22:12:53,1
13000000168,1341,2,776,14:12:30,8
13000000169,993,1,590,04:07:03,7
13000000170,710,2,523,09:38:46,8
13000000171,609,1,506,04:24:43,6
13000000172,763,1,795,03:35:39,4
13000000173,1356,1,769,15:59:14,1
13000000174,1275,2,394,21:10:41,7
13000000175,490,2,866,14:12:21,9
13000000176,523,1,474,18:04:29,9
13000000177,1234,2,429,10:21:13,9
13000000178,1163,1,459,23:49:16,8
13000000179,406,2,884,14:51:06,8
13000000180,835,1,797,06:40:59,2
13000000181,320,1,733,01:37:10,8
13000000182,414,1,612,04:49:31,7
13000000183,1463,1,327,09:33:42,9
13000000184,928,2,448,05:16:35,10
13000000185,643,1,658,03:41:53,9
13000000186,999,2,649,07:15:19,2
13000000187,207,1,786,11:26:26,7
13000000188,641,1,659,20:24:49,0
13000000189,1110,1,885,13:17:35,1
13000000190,1062,1,750,09:29:00,8
13000000191,698,1,463,06:34:02,1
13000000192,1236,1,786,07:04:50,10
13000000193,755,1,371,05:40:54,8
13000000194,329,1,453,07:13:57,7
13000000195,800,1,509,19:02:18,7
13000000196,678,1,270,12:03:01,10
13000000197,1383,1,375,08:07:01,10
13000000198,1251,1,336,03:29:58,10
13000000199,1252,1,296,07:28:39,7
13000000200,283,1,868,08:42:55,5
13000000201,907,2,436,17:53:58,2
13000000202,893,1,600,14:16:39,1
13000000203,413,2,724,12:51:40,8
13000000204,788,2,541,04:13:53,10
13000000205,350,2,849,17:23:35,8
13000000206,758,2,258,11:57:25,5
13000000207,699,2,813,13:52:22,10
13000000208,689,1,277,02:22:22,9
13000000209,348,1,355,04:18:58,1
13000000210,974,1,728,23:51:14,9
13000000211,444,1,815,08:36:03,7
13000000212,96,1,855,12:06:06,9
13000000213,674,1,625,04:34:47,7
13000000214,867,1,555,21:54:58,8
13000000215,686,1,813,03:48:53,7
13000000216,640,1,401,04:48:07,10
13000000217,1191,1,463,04:18:48,9
13000000218,321,2,750,10:49:55,5
13000000219,1045,1,512,02:51:20,3
13000000220,644,2,253,16:30:11,10
13000000221,514,2,809,03:52:32,8
13000000222,649,1,641,00:04:20,6
13000000223,1294,2,840,00:27:47,5
13000000224,814,2,825,21:35:53,4
13000000225,801,1,581,19:00:31,7
13000000226,351,1,583,05:31:27,5
13000000227,838,2,520,12:33:46,8
13000000228,78,1,740,18:38:37,6
13000000229,1338,1,595,21:23:08,2
13000000230,182,2,393,06:59:29,7
13000000231,560,1,567,19:15:20,4
13000000232,1390,1,338,16:45:28,6
13000000233,130,2,604,14:09:56,4
13000000234,1143,2,740,11:19:02,2
13000000235,223,2,714,06:39:34,7
13000000236,622,1,287,09:22:11,2
13000000237,1328,1,401,07:31:20,9
13000000238,1192,1,298,03:41:54,7
13000000239,119,1,413,11:15:26,2
13000000240,1115,1,831,08:06:16,8
13000000241,49,1,352,20:33:27,8
13000000242,1133,2,852,15:53:22,5
13000000243,193,1,803,13:29:06,9
13000000244,539,1,268,15:36:48,6
13000000245,200,1,691,17:15:42,7
13000000246,1084,1,265,18:58:03,10
13000000247,422,2,367,19:36:29,10
13000000248,348,2,489,20:52:06,6
13000000249,951,1,867,04:22:11,9
13000000250,251,2,571,08:33:35,7
13000000251,26,1,628,14:00:56,8
13000000252,1063,2,679,10:37:47,6
13000000253,271,1,273,07:25:07,8
13000000254,567,1,626,17:53:26,9
13000000255,254,1,810,13:34:36,9
13000000256,66,2,336,13:11:38,6
13000000257,518,1,611,17:33:23,0
13000000258,603,1,418,09:14:20,7
13000000259,321,1,270,11:44:33,4
13000000260,1210,2,757,18:10:31,9
13000000261,407,2,646,15:21:46,7
13000000262,996,2,608,20:37:23,9
13000000263,1192,2,548,14:07:34,8
13000000264,221,1,465,17:24:03,1
13000000265,1189,1,811,23:55:00,6
13000000266,1230,1,445,10:11:38,9
13000000267,244,1,583,19:33:05,6
13000000268,416,1,543,22:00:32,6
13000000269,289,2,535,10:02:42,7
13000000270,233,1,491,23:46:39,0
13000000271,300,1,684,18:26:54,7
13000000272,1066,1,518,18:45:15,5
13000000273,854,2,278,11:26:10,10
13000000274,1339,1,267,18:27:33,7
13000000275,484,1,602,00:49:20,10
13000000276,948,1,252,16:25:54,6
13000000277,713,1,567,09:01:45,6
13000000278,1466,1,718,01:42:26,9
13000000279,426,1,773,01:31:53,7
13000000280,1313,1,669,15:40:25,0
13000000281,995,1,438,22:57:22,4
13000000282,499,1,677,17:12:20,8
13000000283,1408,2,672,13:54:08,7
13000000284,498,1,676,19:06:17,8
13000000285,840,1,569,19:10:47,6
13000000286,92,1,647,07:29:10,9
13000000287,1449,2,885,14:11:47,9
13000000288,1129,2,878,22:07:10,7
13000000289,972,2,572,19:02:18,8
13000000290,260,2,866,21:39:47,8
13000000291,683,2,263,05:42:51,4
13000000292,1042,1,723,06:06:59,2
13000000293,1422,1,307,13:04:16,6
13000000294,1347,2,309,16:19:23,9
13000000295,705,2,655,21:20:29,8
13000000296,1306,2,777,06:52:08,10
13000000297,327,2,581,01:33:41,0
13000000298,1119,1,313,12:57:11,5
13000000299,2,1,807,15:58:08,10
13000000300,988,1,296,12:08:47,8
13000000301,1485,1,795,11:01:03,8
13000000302,791,1,804,06:47:48,8
13000000303,204,1,725,12:01:36,9
13000000304,22,2,365,00:45:45,8
13000000305,510,2,611,20:34:12,1
13000000306,614,2,337,13:36:01,9
13000000307,27,2,597,14:50:59,9
13000000308,1319,2,808,03:34:38,6
13000000309,845,1,562,01:33:45,9
13000000310,783,2,801,12:14:03,5
13000000311,1350,1,844,18:08:04,9
13000000312,773,1,835,04:54:53,7
13000000313,1457,1,541,01:01:22,4
13000000314,1488,1,527,16:39:39,9
13000000315,1286,1,488,12:14:01,10
13000000316,1306,1,848,13:56:58,9
13000000317,397,2,280,21:16:04,8
13000000318,341,1,330,09:14:25,4
13000000319,1475,2,749,00:58:37,9
13000000320,963,1,283,10:05:49,5
13000000321,423,1,406,01:31:03,9
13000000322,1176,2,349,20:56:37,9
13000000323,1128,2,341,04:28:29,8
13000000324,56,1,863,05:14:26,8
13000000325,389,2,355,06:04:28,5
13000000326,598,2,692,23:38:23,9
13000000327,2,2,394,12:00:35,7
13000000328,118,2,669,06:11:26,8
13000000329,835,1,775,02:07:23,10
13000000330,554,1,547,13:43:36,7
13000000331,371,1,879,17:10:37,10
13000000332,965,1,766,17:39:53,9
13000000333,687,2,652,19:51:47,6
13000000334,516,1,593,18:28:50,9
13000000335,1295,2,732,05:04:25,8
13000000336,660,1,488,23:59:05,4
13000000337,838,2,884,16:30:15,8
13000000338,447,2,525,21:10:53,8
13000000339,1187,2,314,13:07:31,4
13000000340,1457,1,788,22:15:09,7
13000000341,16,1,549,09:51:44,7
13000000342,1421,1,412,14:29:54,0
13000000343,861,1,466,11:17:08,9
13000000344,515,1,522,06:24:47,2
13000000345,280,1,379,01:52:36,10
13000000346,829,1,492,07:35:57,7
13000000347,1319,1,808,07:27:52,10
13000000348,682,1,790,19:30:51,10
13000000349,649,1,867,21:46:37,7
13000000350,1041,1,456,22:57:18,8
13000000351,559,2,534,10:29:55,9
13000000352,1187,2,801,19:31:33,9
13000000353,786,1,705,11:40:03,6
13000000354,1104,1,660,05:35:01,6
13000000355,505,2,817,02:43:33,4
13000000356,436,1,558,15:27:07,0
13000000357,366,1,835,16:44:56,5
13000000358,829,2,378,10:00:31,8
13000000359,570,1,342,06:42:29,5
13000000360,573,2,344,13:46:37,10
13000000361,63,1,344,23:51:40,8
13000000362,140,1,729,03:08:57,10
13000000363,650,2,307,12:17:06,9
13000000364,558,1,390,09:44:37,7
13000000365,498,2,379,00:10:14,9
13000000366,1337,2,388,15:06:16,10
13000000367,192,1,702,06:02:54,9
13000000368,523,1,521,15:22:24,1
13000000369,1009,1,732,14:30:44,5
13000000370,1079,1,675,21:56:33,8
13000000371,809,1,756,16:31:12,9
13000000372,332,1,276,15:14:36,8
13000000373,397,1,555,09:06:51,8
13000000374,950,2,283,19:29:29,8
13000000375,950,1,602,07:39:39,10
13000000376,1071,1,310,15:27:59,7
13000000377,27,1,463,15:00:09,5
13000000378,1063,1,386,14:47:01,5
13000000379,930,1,462,06:45:53,10
13000000380,1435,2,559,03:09:21,1
13000000381,258,2,339,15:25:23,10
13000000382,847,1,282,14:11:42,4
13000000383,921,2,485,08:42:48,10
13000000384,1231,1,617,08:34:53,7
13000000385,292,1,752,13:14:53,10
13000000386,325,2,533,19:15:44,3
13000000387,921,2,676,05:25:38,3
13000000388,248,1,750,10:15:38,2
13000000389,754,1,464,22:25:54,8
13000000390,708,1,353,05:36:10,9
13000000391,48,1,731,20:20:04,6
13000000392,786,2,366,11:43:38,5
13000000393,382,1,411,08:24:55,4
13000000394,895,1,651,13:53:26,6
13000000395,821,1,648,12:31:51,7
13000000396,1032,1,315,03:58:38,9
13000000397,1262,1,736,13:40:09,1
13000000398,153,1,474,05:06:57,9
13000000399,816,1,822,08:56:25,1
13000000400,237,1,278,18:17:19,7
13000000401,589,2,331,16:15:16,10
13000000402,249,2,832,00:50:22,6
13000000403,1130,2,589,23:38:05,2
13000000404,455,1,780,15:32:22,3
13000000405,1306,1,688,14:06:40,0
13000000406,1359,1,572,17:42:26,9
13000000407,696,1,502,23:36:33,7
13000000408,867,1,490,13:25:59,7
13000000409,690,1,546,22:51:39,10
13000000410,14,1,681,23:22:31,7
13000000411,259,2,587,15:04:04,2
13000000412,334,1,263,14:46:59,3
13000000413,574,1,443,02:53:44,9
13000000414,716,1,391,12:30:57,10
13000000415,204,2,591,05:28:42,8
13000000416,624,2,777,21:21:38,10
13000000417,535,1,472,21:17:35,9
13000000418,522,1,463,05:31:51,7
13000000419,589,1,711,10:21:44,9
13000000420,1485,1,618,08:48:59,9
13000000421,544,1,477,13:39:39,9
13000000422,253,1,610,19:48:25,9
13000000423,520,1,430,22:43:21,8
13000000424,1339,1,653,22:04:20,8
13000000425,800,1,371,02:04:28,10
13000000426,782,2,425,17:44:38,9
13000000427,488,2,849,00:49:08,3
13000000428,1074,1,649,09:10:12,6
13000000429,789,2,601,22:27:44,9
13000000430,951,1,767,08:35:10,3
13000000431,1210,1,702,21:49:25,8
13000000432,977,2,720,13:15:22,3
13000000433,489,2,843,15:59:07,8
13000000434,1192,2,401,22:10:48,9
13000000435,1461,2,525,10:47:13,5
13000000436,28,1,801,13:59:10,6
13000000437,459,2,436,02:59:21,9
13000000438,756,1,371,19:36:43,2
13000000439,1495,1,262,09:35:45,8
13000000440,584,1,307,10:30:38,7
13000000441,703,1,884,19:26:03,2
13000000442,1309,2,261,05:12:12,7
13000000443,323,2,758,03:50:23,7
13000000444,90,1,842,15:48:52,8
13000000445,761,1,619,09:23:46,5
13000000446,999,1,722,12:54:41,9
13000000447,85,1,701,23:58:27,9
13000000448,405,1,812,21:12:23,8
13000000449,336,2,569,03:49:06,2
13000000450,179,1,429,20:27:21,9
13000000451,682,2,367,04:42:04,8
13000000452,862,2,760,23:08:04,8
13000000453,1218,1,712,03:09:01,5
13000000454,31,1,767,11:48:50,7
13000000455,154,1,676,10:47:21,10
13000000456,1049,2,813,17:33:15,10
13000000457,586,1,764,01:08:36,10
13000000458,425,2,491,22:23:30,10
13000000459,1235,1,312,04:35:22,8
13000000460,52,1,383,23:27:23,10
13000000461,78,2,614,05:40:16,3
13000000462,405,1,590,10:40:54,7
13000000463,381,2,764,14:39:48,7
13000000464,284,1,516,05:22:07,10
13000000465,867,1,353,04:28:48,0
13000000466,626,1,499,20:41:52,8
13000000467,195,1,574,16:47:27,9
13000000468,467,1,396,01:25:58,7
13000000469,1107,2,667,09:53:39,7
13000000470,580,1,265,14:37:53,8
13000000471,942,2,333,06:17:25,7
13000000472,1354,2,785,09:43:25,10
13000000473,540,1,280,10:37:09,4
13000000474,1161,1,810,03:05:56,6
13000000475,895,1,827,07:58:07,8
13000000476,399,1,438,18:47:00,6
13000000477,77,1,826,21:13:19,10
13000000478,754,2,845,01:30:25,0
13000000479,1253,1,471,14:21:10,7
13000000480,1117,1,439,06:17:50,6
13000000481,413,1,809,06:06:19,6
13000000482,40,2,765,22:38:52,8
13000000483,403,1,523,02:40:49,1
13000000484,1482,1,480,21:39:13,6
13000000485,790,1,597,18:12:56,9
13000000486,891,1,475,20:46:41,0
13000000487,819,2,768,19:29:56,7
13000000488,474,2,374,07:15:51,9
13000000489,1332,1,704,10:13:44,8
13000000490,305,1,817,07:48:11,4
13000000491,400,2,341,21:45:17,7
13000000492,415,2,574,22:26:11,9
13000000493,739,2,257,07:11:19,9
13000000494,45,1,591,04:58:04,4
13000000495,584,2,332,04:19:09,8
13000000496,305,1,679,13:14:31,9
13000000497,1061,2,846,11:39:30,4
13000000498,1051,2,716,13:57:39,9
13000000499,981,1,836,06:29:10,8
13000000500,381,1,267,08:24:37,7
13000000501,866,1,379,01:36:24,2
13000000502,323,1,396,20:35:58,9
13000000503,1223,2,365,02:55:25,8
13000000504,728,2,787,22:39:41,3
13000000505,176,1,384,04:27:32,8
13000000506,620,1,327,15:30:54,3
13000000507,11,2,559,22:42:02,8
13000000508,866,1,881,12:19:07,5
13000000509,609,1,257,23:52:25,9
13000000510,662,1,647,00:25:59,6
13000000511,1304,2,686,01:23:04,3
13000000512,1358,1,538,00:29:57,5
13000000513,1396,2,517,20:01:12,8
13000000514,921,1,576,09:29:25,7
13000000515,193,2,325,10:26:03,9
13000000516,1366,1,672,02:44:22,7
13000000517,4,2,604,16:14:53,8
13000000518,373,1,333,23:20:55,4
13000000519,3,2,774,14:34:03,10
13000000520,156,2,779,08:32:36,2
13000000521,1274,2,875,11:27:19,6
13000000522,1200,1,721,03:13:10,9
13000000523,1271,2,305,02:24:02,9
13000000524,1089,1,771,11:16:57,10
13000000525,1399,2,858,13:13:42,9
13000000526,20,1,430,22:49:45,8
13000000527,874,2,587,16:26:08,9
13000000528,919,2,532,11:04:43,7
13000000529,885,1,821,00:42:21,9
13000000530,123,2,471,13:05:16,2
13000000531,301,1,466,12:11:00,10
13000000532,1172,1,508,12:11:09,5
13000000533,1334,2,476,08:58:05,7
13000000534,1462,2,840,09:47:30,3
13000000535,1393,2,584,04:39:01,8
13000000536,1220,1,354,23:16:41,10
13000000537,1355,1,707,23:27:42,0
13000000538,27,2,254,12:52:57,8
13000000539,921,1,423,06:27:01,3
13000000540,1469,2,316,08:53:37,9
13000000541,1228,1,786,03:08:05,9
13000000542,1123,2,387,02:44:24,7
13000000543,125,1,856,06:57:45,8
13000000544,476,1,531,14:22:38,9
13000000545,833,1,773,23:27:26,5
13000000546,253,1,320,08:15:50,10
13000000547,398,1,477,10:06:53,9
13000000548,253,2,259,06:43:36,9
13000000549,206,2,308,01:09:04,9
13000000550,899,1,859,19:28:26,8
13000000551,1254,1,794,01:49:09,3
13000000552,1317,2,744,04:03:58,10
13000000553,466,1,564,17:17:29,8
13000000554,191,1,564,01:05:53,9
13000000555,362,2,421,22:16:25,10
13000000556,263,1,369,15:23:45,7
13000000557,1473,2,674,08:07:13,10
13000000558,1494,1,447,08:04:07,10
13000000559,359,1,806,15:37:54,3
13000000560,181,1,813,20:07:18,10
13000000561,682,1,698,05:55:36,10
13000000562,1142,1,391,18:17:36,9
13000000563,475,1,379,21:48:39,8
13000000564,541,1,599,14:04:24,10
13000000565,1344,1,779,06:38:43,10
13000000566,561,2,448,04:52:11,10
13000000567,981,2,294,08:16:33,8
13000000568,311,1,352,14:38:39,7
13000000569,1007,2,741,05:37:47,7
13000000570,952,2,865,19:04:39,6
13000000571,1464,1,383,10:21:54,8
13000000572,863,2,411,17:44:01,9
13000000573,724,2,645,22:32:09,6
13000000574,612,1,315,01:57:31,7
13000000575,382,1,305,01:51:22,5
13000000576,311,1,254,09:57:37,8
13000000577,1041,2,884,12:30:50,9
13000000578,816,1,869,15:28:06,7
13000000579,189,2,873,06:44:02,6
13000000580,1133,2,466,06:06:02,0
13000000581,1095,1,512,11:54:54,7
13000000582,468,2,846,09:12:35,1
13000000583,416,2,660,12:57:11,1
13000000584,707,1,745,09:03:34,10
13000000585,1375,1,350,04:39:36,7
13000000586,689,2,773,16:30:15,7
13000000587,759,2,700,21:29:09,7
13000000588,152,2,717,18:09:13,7
13000000589,724,2,775,18:17:10,5
13000000590,495,1,477,10:17:13,6
13000000591,1104,1,304,07:45:43,4
13000000592,1158,1,476,14:14:10,0
13000000593,932,1,776,05:05:19,9
13000000594,150,1,489,09:33:36,2
13000000595,323,2,320,16:41:42,2
13000000596,536,1,324,07:17:51,5
13000000597,1245,1,779,03:38:34,10
13000000598,1284,1,821,13:24:07,6
13000000599,1168,1,705,01:57:39,3
13000000600,1346,1,253,07:39:50,10
13000000601,213,1,434,09:00:31,7
13000000602,311,2,431,13:29:31,7
13000000603,32,2,270,02:42:02,9
13000000604,606,1,283,11:50:47,7
13000000605,1309,2,524,17:18:02,9
13000000606,833,1,322,05:32:22,7
13000000607,1123,2,569,03:12:53,9
13000000608,878,2,818,01:56:44,8
13000000609,1317,2,778,18:38:55,8
13000000610,218,2,755,19:20:29,9
13000000611,1456,1,876,02:43:49,8
13000000612,987,1,473,20:16:53,9
13000000613,75,2,251,09:55:08,10
13000000614,649,2,727,21:01:17,1
13000000615,1095,1,740,04:03:05,6
13000000616,1136,2,277,21:50:30,9
13000000617,1046,1,402,21:13:04,7
13000000618,1339,2,483,07:19:38,8
13000000619,724,1,688,21:00:56,3
13000000620,32,2,832,09:23:26,0
13000000621,728,1,414,16:10:51,8
13000000622,299,1,798,02:46:44,7
13000000623,299,1,618,10:31:40,5
13000000624,404,1,708,06:09:48,7
13000000625,138,2,717,14:07:42,10
13000000626,1270,1,706,04:07:56,9
13000000627,1116,1,375,05:46:03,7
13000000628,239,1,469,17:08:34,5
13000000629,849,2,428,16:47:48,10
13000000630,1432,2,477,10:56:31,9
13000000631,109,2,592,15:08:46,0
13000000632,117,2,253,03:24:59,9
13000000633,1007,2,698,09:59:06,2
13000000634,473,2,566,21:36:34,9
13000000635,188,1,726,11:49:04,9
13000000636,960,1,671,14:29:15,9
13000000637,298,1,320,01:24:37,9
13000000638,1146,1,861,15:38:13,10
13000000639,790,1,521,21:17:36,10
13000000640,114,1,370,11:42:48,10
13000000641,778,1,720,16:23:15,8
13000000642,1380,1,756,10:51:05,2
13000000643,1265,2,881,12:27:45,8
13000000644,171,1,681,22:22:46,7
13000000645,384,1,728,10:21:53,6
13000000646,917,1,703,09:07:28,9
13000000647,1262,2,793,07:21:53,0
13000000648,1174,1,502,10:49:42,6
13000000649,312,1,268,15:04:33,10
13000000650,1107,1,601,08:23:04,6
13000000651,786,1,447,14:29:31,8
13000000652,956,1,702,13:41:55,6
13000000653,227,2,687,04:16:08,7
13000000654,1339,1,388,08:35:30,9
13000000655,79,1,639,05:53:58,6
13000000656,515,1,395,05:04:04,9
13000000657,1098,1,689,04:47:35,8
13000000658,254,1,506,01:56:03,6
13000000659,1459,1,743,08:30:13,1
13000000660,688,2,766,20:08:41,8
13000000661,1356,2,310,17:29:06,7
13000000662,1409,2,259,23:29:51,1
13000000663,512,1,549,20:36:32,9
13000000664,284,1,705,05:15:25,7
13000000665,79,2,714,03:00:36,2
13000000666,1246,1,877,03:56:35,7
13000000667,343,2,722,11:31:30,7
13000000668,387,1,695,15:05:25,7
13000000669,682,2,285,17:18:32,8
13000000670,778,1,693,00:50:56,7
13000000671,507,1,743,08:48:52,6
13000000672,640,1,297,09:33:22,10
13000000673,1249,1,711,00:51:12,7
13000000674,958,1,470,17:46:52,8
13000000675,1259,1,307,15:37:47,7
13000000676,1441,1,329,19:51:37,10
13000000677,379,2,800,19:42:57,9
13000000678,115,1,602,02:57:08,7
13000000679,1496,2,263,02:25:41,8
13000000680,1435,1,310,20:49:15,7
13000000681,1271,1,388,15:44:54,3
13000000682,643,1,353,01:47:39,9
13000000683,1006,2,619,04:23:05,6
13000000684,672,1,413,16:00:01,10
13000000685,439,1,620,10:36:46,0
13000000686,928,1,306,11:53:45,1
13000000687,705,1,329,06:36:00,6
13000000688,717,2,830,19:11:39,8
13000000689,622,2,267,22:35:20,7
13000000690,90,2,393,04:53:20,7
13000000691,1101,2,705,19:39:38,10
13000000692,1362,1,546,17:29:56,9
13000000693,644,2,534,09:27:30,9
13000000694,265,1,868,20:34:27,9
13000000695,506,1,704,04:05:29,8
13000000696,737,1,710,23:12:00,0
13000000697,1294,1,508,01:20:00,10
13000000698,204,1,734,18:15:49,8
13000000699,1246,1,528,15:40:38,10
13000000700,314,1,454,14:34:31,1
13000000701,614,2,837,11:18:28,10
13000000702,497,2,628,23:17:32,8
13000000703,1267,2,414,01:58:01,8
13000000704,768,1,357,01:59:09,8
13000000705,886,2,472,19:37:12,3
13000000706,1173,1,268,18:09:35,1
13000000707,561,1,805,08:32:38,10
13000000708,59,2,283,04:25:43,10
13000000709,951,2,728,04:41:22,6
13000000710,790,1,573,00:40:32,9
13000000711,412,1,827,04:05:41,6
13000000712,1250,2,298,23:08:54,3
13000000713,146,1,619,08:48:13,9
13000000714,670,2,469,19:05:03,9
13000000715,595,1,303,08:17:29,9
13000000716,1027,1,555,03:32:22,9
13000000717,1183,2,461,00:55:01,9
13000000718,655,1,816,21:33:37,9
13000000719,287,1,341,14:16:56,9
13000000720,489,2,813,04:35:01,10
13000000721,897,1,804,07:06:22,9
13000000722,1094,1,298,05:57:00,7
13000000723,713,2,595,20:38:12,7
13000000724,1222,2,534,13:19:18,6
13000000725,176,1,811,00:27:55,7
13000000726,1373,2,592,17:42:55,9
13000000727,613,2,464,20:26:23,3
13000000728,1082,2,277,06:06:59,9
13000000729,790,1,768,23:20:49,5
13000000730,173,1,491,20:26:33,9
13000000731,800,1,852,07:44:37,5
13000000732,1014,2,661,13:56:02,0
13000000733,719,1,256,19:04:29,8
13000000734,1247,2,699,20:09:32,7
13000000735,882,1,601,23:07:04,8
13000000736,281,1,650,06:30:51,7
13000000737,1014,2,539,15:20:01,6
13000000738,621,1,534,13:01:32,4
13000000739,441,1,765,23:51:23,7
13000000740,1062,2,383,14:01:38,9
13000000741,952,1,839,05:00:28,10
13000000742,496,1,426,23:14:17,6
13000000743,338,1,404,12:51:25,5
13000000744,192,1,383,02:11:12,7
13000000745,292,1,353,17:56:45,10
13000000746,483,2,747,15:29:44,10
13000000747,1356,1,732,08:42:23,3
13000000748,1234,2,853,18:05:55,8
13000000749,359,1,868,16:18:25,9
13000000750,671,1,309,08:48:44,8
13000000751,595,2,365,05:15:04,9
13000000752,1405,2,756,11:03:20,7
13000000753,1230,1,624,07:09:15,5
13000000754,173,1,884,08:32:19,7
13000000755,130,2,658,06:14:46,0
13000000756,1134,1,493,13:44:53,9
13000000757,132,1,751,01:14:32,8
13000000758,74,2,402,03:00:59,0
13000000759,147,2,348,16:23:53,5
13000000760,791,1,704,08:26:53,10
13000000761,849,1,450,10:51:55,10
13000000762,84,1,305,13:39:19,8
13000000763,1313,2,866,18:56:28,7
13000000764,930,2,822,20:38:02,9
13000000765,160,2,430,11:02:15,3
13000000766,1128,2,867,01:04:31,10
13000000767,1029,1,709,20:36:31,8
13000000768,185,1,462,13:22:23,10
13000000769,1144,2,401,23:57:29,8
13000000770,930,1,468,09:43:16,6
13000000771,774,1,857,09:58:29,10
13000000772,688,2,475,03:49:31,1
13000000773,433,1,340,13:43:27,9
13000000774,249,1,686,17:20:28,9
13000000775,279,2,668,00:13:16,0
13000000776,1452,1,490,08:27:32,9
13000000777,1223,2,257,08:38:27,8
13000000778,1385,1,519,05:23:11,10
13000000779,722,1,826,01:25:38,9
13000000780,1085,2,391,17:22:24,6
13000000781,378,1,834,11:27:05,3
13000000782,54,1,577,20:19:13,3
13000000783,727,2,413,03:58:20,6
13000000784,1398,1,752,19:42:12,9
13000000785,1406,1,865,14:57:29,4
13000000786,591,1,722,13:27:08,10
13000000787,10,2,333,06:22:13,9
13000000788,877,1,492,03:07:05,2
13000000789,522,2,573,17:14:29,8
13000000790,203,2,479,03:03:20,7
13000000791,1049,2,541,19:23:07,10
13000000792,855,2,877,11:05:05,8
13000000793,584,1,262,17:16:43,7
13000000794,1387,2,476,10:58:15,5
13000000795,571,1,581,14:14:48,10
13000000796,791,2,766,14:10:19,6
13000000797,106,2,597,03:58:20,7
13000000798,1114,2,360,20:53:00,10
13000000799,397,1,604,11:38:33,5
13000000800,46,2,745,11:04:53,9
13000000801,1260,2,603,16:34:00,8
13000000802,1473,2,552,04:46:54,6
13000000803,582,1,721,21:23:25,10
13000000804,323,1,326,12:52:22,8
13000000805,203,1,369,16:44:30,7
13000000806,1180,1,739,12:59:05,8
13000000807,358,2,625,06:02:07,6
13000000808,922,1,741,07:58:58,8
13000000809,645,2,662,21:56:48,4
13000000810,582,1,649,15:07:57,7
13000000811,783,2,869,16:36:01,2
13000000812,852,1,263,13:21:19,0
13000000813,513,1,827,02:16:29,2
13000000814,169,1,314,07:04:14,8
13000000815,1209,1,362,07:10:20,10
13000000816,147,1,879,14:41:02,9
13000000817,185,1,644,08:21:01,6
13000000818,739,2,541,16:02:57,10
13000000819,1470,2,628,00:50:11,7
13000000820,198,1,650,15:17:17,8
13000000821,884,1,312,14:39:22,8
13000000822,457,1,564,13:47:03,10
13000000823,1184,1,601,18:51:24,10
13000000824,221,2,753,23:28:08,7
13000000825,117,2,482,17:19:25,10
13000000826,703,2,439,15:50:20,6
13000000827,58,1,883,18:11:14,10
13000000828,840,1,732,16:19:33,8
13000000829,634,2,642,07:02:06,8
13000000830,914,2,554,19:49:57,9
13000000831,1281,1,731,22:09:50,8
13000000832,852,2,258,19:22:17,5
13000000833,1336,2,321,02:19:39,7
13000000834,1264,1,888,01:40:51,1
13000000835,140,1,638,19:30:04,1
13000000836,162,1,404,14:07:23,9
13000000837,460,1,363,02:28:49,8
13000000838,1392,1,553,10:40:15,5
13000000839,4,2,554,12:18:56,9
13000000840,1372,2,575,20:42:39,8
13000000841,921,2,813,06:01:12,7
13000000842,880,1,516,06:31:39,8
13000000843,603,2,392,04:42:33,10
13000000844,389,1,656,22:24:55,5
13000000845,769,2,280,07:49:33,8
13000000846,1480,2,476,16:21:14,9
13000000847,1352,1,777,21:29:16,1
13000000848,1081,1,392,17:22:53,6
13000000849,1318,2,829,14:09:41,10
13000000850,1129,2,252,20:20:44,8
13000000851,495,1,817,07:36:49,7
13000000852,586,1,325,13:58:28,10
13000000853,554,1,356,12:00:49,7
13000000854,440,1,871,01:57:51,1
13000000855,212,1,606,12:05:42,8
13000000856,538,1,744,02:41:01,8
13000000857,588,2,817,15:09:05,0
13000000858,1135,1,823,10:06:17,7
13000000859,452,1,416,02:46:06,7
13000000860,26,1,656,11:55:10,5
13000000861,33,2,491,08:16:30,10
13000000862,229,1,739,01:39:02,9
13000000863,1155,1,307,21:50:39,10
13000000864,843,1,851,21:17:09,6
13000000865,570,2,374,10:55:18,8
13000000866,1208,1,754,11:57:53,8
13000000867,275,1,735,23:32:32,7
13000000868,529,1,709,14:48:05,6
13000000869,599,2,688,10:56:50,10
13000000870,333,1,625,04:49:19,5
13000000871,6,1,353,21:41:49,9
13000000872,549,1,737,01:15:59,9
13000000873,1427,2,691,18:32:22,6
13000000874,1237,1,523,10:56:28,7
13000000875,432,2,663,06:03:30,8
13000000876,657,1,728,13:18:13,7
13000000877,730,1,718,05:28:12,9
13000000878,824,2,526,01:50:13,7
13000000879,1001,1,667,03:41:27,9
13000000880,188,1,736,22:45:10,8
13000000881,965,1,798,23:12:29,6
13000000882,717,1,878,00:40:30,9
13000000883,1085,2,306,19:23:11,9
13000000884,765,1,523,14:23:36,9
13000000885,484,2,785,20:54:10,2
13000000886,931,1,881,17:43:01,6
13000000887,417,1,854,03:20:15,10
13000000888,801,2,530,18:15:03,10
13000000889,501,1,413,21:30:37,4
13000000890,1358,2,331,06:29:00,9
13000000891,1325,2,840,18:02:00,6
13000000892,960,1,601,10:49:39,10
13000000893,637,1,443,06:18:39,6
13000000894,956,2,330,23:40:56,2
13000000895,533,2,700,06:14:41,7
13000000896,1495,1,789,23:35:45,6
13000000897,1025,2,740,05:20:05,8
13000000898,1176,1,494,06:07:40,10
13000000899,803,2,328,04:53:22,8
13000000900,725,1,400,18:05:00,6
13000000901,938,1,787,05:35:44,9
13000000902,1031,1,495,19:55:00,8
13000000903,696,1,551,06:56:02,1
13000000904,237,1,823,16:20:05,3
13000000905,1053,1,651,22:48:47,10
13000000906,308,1,701,03:19:20,6
13000000907,672,1,867,07:33:40,8
13000000908,1147,2,809,00:13:42,8
13000000909,1238,2,769,20:07:41,7
13000000910,460,2,707,10:19:27,8
13000000911,906,2,289,11:47:30,10
13000000912,825,1,259,06:40:47,8
13000000913,1095,2,735,20:38:12,8
13000000914,435,2,656,12:20:44,10
13000000915,585,2,659,21:16:30,8
13000000916,281,2,488,19:03:40,9
13000000917,82,2,839,05:23:19,6
13000000918,329,1,364,03:38:36,10
13000000919,415,1,594,00:09:42,7
13000000920,1135,1,306,00:48:28,4
13000000921,1021,1,367,23:15:19,4
13000000922,160,1,889,18:52:09,4
13000000923,434,1,624,14:16:54,7
13000000924,357,2,567,11:24:04,4
13000000925,1285,1,708,12:50:28,7
13000000926,229,1,654,04:58:22,7
13000000927,420,1,400,20:57:57,9
13000000928,2,2,595,12:03:30,8
13000000929,47,1,456,03:11:44,10
13000000930,1163,1,727,04:57:20,6
13000000931,1423,1,818,07:31:34,9
13000000932,615,1,466,00:19:39,4
13000000933,1149,1,891,15:12:29,7
13000000934,628,1,512,15:31:35,8
13000000935,1247,1,615,17:41:37,5
13000000936,458,1,777,22:49:48,9
13000000937,95,2,762,10:15:12,10
13000000938,1002,1,298,17:52:26,7
13000000939,488,2,660,12:29:53,1
13000000940,851,2,823,16:48:16,4
13000000941,509,2,666,02:36:55,7
13000000942,888,1,684,01:38:52,10
13000000943,1268,2,411,14:38:35,9
13000000944,507,2,468,11:11:37,9
13000000945,387,2,762,02:05:24,10
13000000946,670,1,559,10:41:57,2
13000000947,186,1,813,21:20:14,9
13000000948,1235,1,451,22:48:51,9
13000000949,418,1,461,01:29:20,10
13000000950,196,1,444,06:40:14,6
13000000951,304,1,322,18:07:59,10
13000000952,1434,2,605,21:07:23,9
13000000953,453,2,748,15:05:33,10
13000000954,1040,2,476,02:15:24,4
13000000955,107,1,742,18:46:22,10
13000000956,887,2,684,02:31:49,8
13000000957,837,1,722,20:37:47,10
13000000958,1327,1,739,15:13:21,9
13000000959,836,1,348,10:16:03,9
13000000960,1413,1,751,07:20:42,8
13000000961,621,2,304,22:33:48,9
13000000962,947,1,484,05:27:19,6
13000000963,1015,1,270,06:25:32,8
13000000964,458,2,782,11:46:08,9
13000000965,1462,1,836,14:40:40,9
13000000966,289,2,523,05:40:46,3
13000000967,1318,2,304,16:58:23,0
13000000968,720,2,291,01:04:31,6
13000000969,350,2,539,13:22:29,7
13000000970,1276,1,289,18:23:14,8
13000000971,1141,2,654,05:53:07,10
13000000972,640,2,711,00:56:04,10
13000000973,8,2,856,20:03:39,8
13000000974,666,2,632,05:42:51,8
13000000975,1451,1,540,20:51:32,10
13000000976,384,1,713,21:02:03,6
13000000977,1130,1,527,14:53:11,10
13000000978,547,1,344,15:16:18,8
13000000979,1228,1,752,07:13:26,10
13000000980,1209,1,858,22:52:02,9
13000000981,1489,1,721,13:40:23,9
13000000982,4,1,676,20:50:23,10
13000000983,760,1,466,01:57:11,9
13000000984,286,1,398,02:57:29,9
13000000985,951,1,657,09:49:32,10
13000000986,487,2,825,01:54:14,10
13000000987,1218,2,281,08:28:13,2
13000000988,522,1,801,00:53:54,5
13000000989,468,1,668,01:54:59,8
13000000990,703,2,393,06:17:42,10
13000000991,1000,1,601,11:52:45,9
13000000992,137,2,714,09:30:57,10
13000000993,168,2,544,04:01:45,9
13000000994,452,2,568,00:42:14,10
13000000995,1210,2,623,10:00:09,2
13000000996,599,2,810,13:34:10,10
13000000997,734,1,773,01:17:36,10
13000000998,27,2,853,01:47:15,9
13000000999,1186,1,389,22:16:40,10
13000001000,1227,2,778,08:02:35,5
13000001001,1338,2,444,17:36:40,9
13000001002,1275,2,786,20:10:39,7
13000001003,934,1,684,22:59:08,6
13000001004,883,2,428,00:00:15,10
13000001005,624,1,560,12:40:21,8
13000001006,1272,1,828,16:22:33,7
13000001007,746,2,611,05:24:55,10
13000001008,858,1,372,19:03:47,8
13000001009,393,1,777,11:16:51,10
13000001010,990,1,429,10:35:26,10
13000001011,769,1,556,12:39:51,7
13000001012,496,1,511,16:02:59,2
13000001013,401,1,294,14:46:37,7
13000001014,1042,1,370,02:34:17,10
13000001015,1101,2,499,14:20:39,6
13000001016,15,1,543,10:30:00,9
13000001017,748,1,369,03:57:36,7
13000001018,825,1,886,19:08:07,10
13000001019,957,2,757,21:29:44,7
13000001020,528,1,627,08:31:15,3
13000001021,1422,1,621,10:21:36,1
13000001022,71,1,889,01:31:39,5
13000001023,1375,2,461,16:37:43,5
13000001024,504,2,596,13:17:32,9
13000001025,1257,2,351,03:12:14,8
13000001026,1165,2,473,00:35:34,2
13000001027,39,1,706,03:31:10,8
13000001028,102,2,598,20:56:25,3
13000001029,863,1,866,19:37:22,7
13000001030,494,1,373,16:23:38,3
13000001031,1132,1,714,05:58:13,5
13000001032,723,1,374,11:14:58,9
13000001033,280,2,273,10:59:12,9
13000001034,765,1,774,13:41:36,8
13000001035,778,1,395,19:23:07,1
13000001036,428,1,418,23:39:23,8
13000001037,559,2,275,19:27:13,7
13000001038,1318,2,326,20:00:12,10
13000001039,1451,1,652,19:35:21,6
13000001040,994,1,295,13:38:09,4
13000001041,311,1,357,13:29:47,5
13000001042,282,1,830,08:37:51,8
13000001043,94,2,520,13:37:34,9
13000001044,1359,1,325,17:08:50,9
13000001045,1400,2,594,01:51:00,8
13000001046,244,2,295,17:09:41,7
13000001047,295,1,888,10:20:11,8
13000001048,731,1,556,12:19:29,1
13000001049,1191,2,715,03:37:17,7
13000001050,1104,1,674,12:47:01,8
13000001051,489,2,798,01:34:33,7
13000001052,1096,2,845,20:47:43,7
13000001053,1253,1,680,23:15:07,1
13000001054,987,1,479,12:22:53,8
13000001055,43,1,316,19:21:15,8
13000001056,268,1,805,15:28:42,9
13000001057,1045,1,481,17:18:20,9
13000001058,1410,1,468,18:48:50,4
13000001059,859,1,561,06:37:27,10
13000001060,353,1,429,02:37:56,7
13000001061,350,2,546,08:42:45,10
13000001062,663,2,295,09:33:22,3
13000001063,601,1,301,11:05:16,7
13000001064,468,1,545,07:46:40,6
13000001065,975,2,835,03:53:15,10
13000001066,1041,2,772,21:37:43,10
13000001067,439,2,804,11:14:35,6
13000001068,1120,1,735,12:37:30,8
13000001069,948,1,603,10:14:34,9
13000001070,1090,2,860,07:31:49,7
13000001071,771,1,837,15:49:56,0
13000001072,1337,2,599,19:27:49,7
13000001073,1269,2,536,22:48:27,5
13000001074,1052,1,800,15:03:43,10
13000001075,628,1,727,11:30:52,5
13000001076,589,2,720,19:34:04,8
13000001077,326,1,796,18:23:49,0
13000001078,1463,1,659,13:06:41,9
13000001079,1131,2,794,23:47:24,3
13000001080,688,1,534,18:59:31,10
13000001081,1135,1,657,16:47:19,6
13000001082,516,2,669,01:31:41,8
13000001083,1019,2,842,01:47:28,4
13000001084,1009,1,760,08:42:16,4
13000001085,1015,2,743,08:55:14,9
13000001086,234,1,762,08:33:36,9
13000001087,699,1,451,12:30:10,3
13000001088,807,2,375,18:32:30,2
13000001089,945,2,436,07:35:13,9
13000001090,264,1,710,18:17:15,7
13000001091,405,2,573,04:54:07,7
13000001092,549,1,757,17:21:29,7
13000001093,365,1,436,16:45:51,4
13000001094,1208,1,802,00:45:19,5
13000001095,1005,1,603,03:16:55,9
13000001096,1437,1,431,02:13:34,5
13000001097,396,1,507,14:31:51,9
13000001098,711,1,609,19:41:00,2
13000001099,497,1,779,14:51:11,9
13000001100,37,1,260,01:08:30,10
13000001101,380,1,481,16:27:24,8
13000001102,535,2,846,20:34:35,5
13000001103,651,2,415,06:47:07,8
13000001104,1085,1,537,14:24:56,9
13000001105,1238,2,582,12:43:27,8
13000001106,184,1,838,13:25:52,6
13000001107,498,2,878,05:39:09,7
13000001108,1117,2,491,03:51:51,7
13000001109,469,1,830,10:33:42,10
13000001110,815,1,457,05:28:28,5
13000001111,282,2,473,02:04:34,10
13000001112,335,2,607,07:59:17,9
13000001113,261,1,623,18:47:46,6
13000001114,540,2,632,16:46:44,7
13000001115,989,1,533,04:54:06,6
13000001116,354,1,826,10:09:25,9
13000001117,487,1,755,17:15:22,1
13000001118,553,2,489,04:59:33,9
13000001119,1111,2,732,17:32:27,7
13000001120,293,1,453,01:50:26,1
13000001121,814,1,675,05:03:37,7
13000001122,444,2,291,14:49:23,7
13000001123,69,2,794,13:07:51,8
13000001124,1074,1,680,04:40:46,8
13000001125,121,2,412,04:28:30,3
13000001126,1418,2,608,08:06:26,3
13000001127,1317,2,676,20:22:41,4
13000001128,317,1,461,17:23:51,8
13000001129,1159,2,779,23:42:42,9
13000001130,876,1,814,13:50:02,9
13000001131,159,2,711,03:02:45,8
13000001132,1246,2,375,07:13:22,8
13000001133,831,1,590,07:15:53,9
13000001134,14,2,616,23:41:45,9
13000001135,52,2,559,02:55:01,8
13000001136,63,1,391,16:41:19,0
13000001137,714,2,447,05:35:00,7
13000001138,276,2,483,03:49:51,9
13000001139,165,2,337,05:12:27,7
13000001140,361,1,305,12:44:42,7
13000001141,1339,1,429,01:15:04,8
13000001142,56,2,260,17:02:05,9
13000001143,665,2,876,07:33:29,2
13000001144,1475,1,377,18:22:31,10
13000001145,1356,1,693,04:26:38,7
13000001146,142,2,541,08:47:10,8
13000001147,466,2,853,00:18:19,8
13000001148,1169,1,557,04:51:36,7
13000001149,634,1,616,09:59:00,9
13000001150,209,2,249,04:38:02,9
13000001151,1157,1,585,10:57:06,9
13000001152,1258,1,664,10:40:54,8
13000001153,663,1,335,07:25:26,0
13000001154,785,1,361,15:20:07,8
13000001155,267,2,604,20:12:43,8
13000001156,655,1,880,04:52:14,6
13000001157,757,1,590,02:46:27,7
13000001158,1329,1,819,00:45:49,9
13000001159,542,1,746,08:33:22,10
13000001160,316,2,287,09:06:15,8
13000001161,398,1,811,03:40:39,1
13000001162,964,1,777,00:44:31,8
13000001163,854,2,561,10:31:27,10
13000001164,1065,2,352,05:44:09,7
13000001165,359,1,485,23:08:52,9
13000001166,174,1,361,13:39:25,4
13000001167,1333,1,607,15:47:41,9
13000001168,901,2,383,02:42:30,0
13000001169,977,1,360,15:36:13,10
13000001170,757,1,750,11:32:29,7
13000001171,1029,1,533,14:28:12,9
13000001172,904,1,685,12:58:42,8
13000001173,716,1,750,01:15:21,5
13000001174,1463,2,647,17:49:48,8
13000001175,800,2,640,14:15:47,9
13000001176,1366,2,640,20:59:05,8
13000001177,1009,1,511,21:19:25,8
13000001178,487,2,865,19:03:46,8
13000001179,970,1,397,18:24:12,9
13000001180,1127,1,512,18:04:59,10
13000001181,22,1,514,17:00:48,6
13000001182,1401,1,587,11:47:16,9
13000001183,571,2,340,03:58:24,10
13000001184,1061,1,347,08:43:21,7
13000001185,143,1,676,17:05:23,8
13000001186,712,1,812,07:25:53,1
13000001187,649,1,714,05:46:11,6
13000001188,317,1,752,01:23:44,8
13000001189,16,2,739,10:44:17,7
13000001190,175,2,576,08:22:31,9
13000001191,694,2,452,12:50:56,5
13000001192,1377,1,472,11:59:55,9
13000001193,653,2,311,21:53:13,5
13000001194,1328,1,623,03:03:08,8
13000001195,850,1,647,02:52:53,8
13000001196,1043,2,325,16:36:06,10
13000001197,120,2,400,14:22:21,9
13000001198,374,1,417,23:46:32,1
13000001199,1023,2,749,05:33:49,10
13000001200,1435,1,482,04:47:21,4
13000001201,1022,2,362,00:46:00,4
13000001202,397,2,723,09:47:30,5
13000001203,539,1,663,11:44:26,1
13000001204,662,2,359,01:51:51,7
13000001205,413,2,645,22:47:26,7
13000001206,978,1,509,19:51:25,7
13000001207,94,1,310,16:15:58,8
13000001208,593,2,618,07:17:21,9
13000001209,3,1,888,11:00:54,10
13000001210,986,1,301,12:53:15,9
13000001211,1097,1,809,21:09:21,5
13000001212,1298,2,279,08:13:22,8
13000001213,968,2,296,17:46:13,0
13000001214,256,2,279,21:07:49,10
13000001215,165,2,781,03:55:55,7
13000001216,74,2,340,11:25:59,8
13000001217,610,1,420,22:05:52,9
13000001218,1181,1,427,02:13:24,8
13000001219,1198,1,807,18:29:10,7
13000001220,383,2,885,07:13:11,9
13000001221,327,1,595,08:24:21,4
13000001222,1118,1,749,03:25:20,3
13000001223,1093,2,495,10:05:18,5
13000001224,348,1,800,15:16:21,10
13000001225,988,1,703,08:15:53,9
13000001226,1242,1,430,18:48:29,8
13000001227,645,2,290,04:06:01,8
13000001228,1068,1,292,16:05:55,7
13000001229,523,1,782,10:55:56,9
13000001230,624,1,279,19:31:23,0
13000001231,705,2,349,09:31:41,6
13000001232,12,2,623,13:06:25,3
13000001233,748,1,705,10:47:01,9
13000001234,922,2,320,23:14:12,9
13000001235,637,2,659,01:16:31,7
13000001236,1225,2,661,11:36:08,8
13000001237,1336,2,255,17:10:11,3
13000001238,1006,1,634,21:11:36,6
13000001239,717,1,527,20:55:37,9
13000001240,1117,1,725,00:45:18,5
13000001241,547,1,854,05:07:48,7
13000001242,1073,2,337,12:58:00,6
13000001243,611,2,852,17:51:00,9
13000001244,1315,2,666,16:53:33,7
13000001245,881,2,704,12:24:56,10
13000001246,475,1,500,03:01:20,7
13000001247,1015,1,725,00:12:37,5
13000001248,574,2,403,07:03:48,7
13000001249,71,1,356,15:35:44,9
13000001250,737,2,875,13:22:49,9
13000001251,1060,2,588,03:40:45,4
13000001252,1145,2,345,04:40:22,8
13000001253,1256,1,449,15:19:46,10
13000001254,1063,2,793,11:41:41,9
13000001255,551,1,649,02:23:55,0
13000001256,248,2,617,09:29:04,5
13000001257,831,1,422,18:08:16,6
13000001258,968,2,348,04:15:01,10
13000001259,1010,1,350,16:11:16,3
13000001260,509,2,331,00:48:33,10
13000001261,767,2,661,07:29:58,8
13000001262,795,1,670,01:42:06,8
13000001263,712,1,677,06:47:21,8
13000001264,273,1,389,16:12:31,9
13000001265,818,1,435,21:57:25,6
13000001266,513,2,311,06:35:08,6
13000001267,1026,2,385,23:37:12,10
13000001268,1347,2,750,09:38:11,8
13000001269,258,1,310,14:31:08,2
13000001270,1010,1,697,03:13:30,10
13000001271,220,2,521,01:18:12,7
13000001272,1048,1,657,14:00:38,8
13000001273,1300,1,295,00:20:03,8
13000001274,262,2,703,08:09:04,8
13000001275,1141,2,450,19:51:22,10
13000001276,1234,2,264,22:46:08,8
13000001277,554,1,601,16:11:21,8
13000001278,730,1,384,21:59:24,9
13000001279,578,2,346,10:44:23,9
13000001280,1133,1,878,06:53:21,8
13000001281,272,1,662,05:23:53,9
13000001282,705,1,362,11:03:56,7
13000001283,1304,2,806,11:40:40,3
13000001284,1274,2,401,10:37:15,5
13000001285,38,1,812,01:58:37,1
13000001286,1037,2,574,23:59:34,1
13000001287,1438,1,789,21:24:57,10
13000001288,621,1,589,16:57:20,9
13000001289,177,1,760,07:38:30,7
13000001290,1116,2,277,13:16:08,6
13000001291,537,2,299,17:16:56,6
13000001292,233,2,686,21:26:47,10
13000001293,358,1,746,16:40:10,9
13000001294,544,1,506,07:26:58,6
13000001295,694,2,625,12:01:56,7
13000001296,1267,2,787,11:16:09,6
13000001297,491,1,590,11:07:54,10
13000001298,536,1,777,09:40:04,10
13000001299,403,1,507,21:03:06,6
13000001300,856,1,827,02:10:42,9
13000001301,184,2,290,05:08:13,7
13000001302,349,1,254,18:20:27,10
13000001303,356,1,582,07:50:47,4
13000001304,818,2,551,18:23:23,8
13000001305,1251,2,496,04:20:42,4
13000001306,85,2,881,19:54:27,8
13000001307,255,1,628,09:51:55,10
13000001308,929,2,695,18:16:53,8
13000001309,541,2,509,22:33:24,6
13000001310,116,2,848,19:52:05,4
13000001311,402,1,707,04:31:41,8
13000001312,922,2,360,04:01:45,3
13000001313,1484,2,294,06:27:13,6
13000001314,986,1,468,18:55:04,1
13000001315,155,1,600,08:03:46,6
13000001316,138,1,403,03:28:52,7
13000001317,556,1,262,13:58:11,9
13000001318,401,1,879,08:31:23,6
13000001319,267,2,851,21:05:20,0
13000001320,776,1,470,19:58:56,6
13000001321,186,1,670,12:40:02,7
13000001322,1330,1,281,19:10:09,0
13000001323,32,1,266,03:58:31,9
13000001324,7,1,543,21:16:05,6
13000001325,358,1,268,20:36:13,9
13000001326,129,1,311,01:11:45,0
13000001327,829,2,780,15:49:31,7
13000001328,1129,2,462,07:17:33,9
13000001329,1297,1,649,08:13:38,6
13000001330,1001,1,595,04:54:20,10
13000001331,1222,2,307,20:34:40,9
13000001332,961,1,359,15:48:46,6
13000001333,147,1,459,12:41:07,9
13000001334,1439,1,775,12:34:31,9
13000001335,880,2,701,15:34:31,10
13000001336,208,2,677,00:07:59,10
13000001337,1240,2,482,09:35:46,8
13000001338,956,2,844,08:22:52,9
13000001339,1212,2,767,14:38:54,3
13000001340,112,1,812,12:15:57,9
13000001341,999,1,770,18:00:24,10
13000001342,1381,1,683,18:10:10,10
13000001343,935,2,501,23:04:19,8
13000001344,1412,1,675,02:53:35,10
13000001345,296,1,881,20:21:33,7
13000001346,933,1,294,06:35:27,3
13000001347,954,1,877,16:29:18,9
13000001348,269,2,537,14:44:48,7
13000001349,281,2,833,20:25:07,5
13000001350,359,2,765,08:09:53,8
13000001351,492,1,785,02:41:44,9
13000001352,489,2,748,21:32:52,5
13000001353,386,2,798,03:23:34,7
13000001354,1329,1,839,20:00:52,7
13000001355,649,2,297,09:14:13,5
13000001356,684,1,743,20:46:38,9
13000001357,928,2,878,17:56:08,8
13000001358,1096,1,751,01:13:34,5
13000001359,546,1,782,13:27:06,10
13000001360,121,1,324,09:02:26,10
13000001361,400,2,408,09:42:27,10
13000001362,383,1,268,07:10:04,10
13000001363,518,1,372,22:42:44,9
13000001364,1130,2,680,17:55:49,9
13000001365,921,2,862,22:28:57,5
13000001366,42,1,504,04:12:49,8
13000001367,1459,1,448,01:56:46,2
13000001368,1172,2,871,14:44:00,0
13000001369,300,1,853,21:17:17,7
13000001370,23,2,296,21:48:03,10
13000001371,321,1,857,16:52:19,5
13000001372,426,1,601,06:44:16,8
13000001373,594,2,803,03:49:14,9
13000001374,1483,2,431,21:43:11,9
13000001375,1003,1,887,20:33:14,9
13000001376,457,2,752,19:47:36,5
13000001377,746,1,303,14:26:09,9
13000001378,150,2,409,06:57:15,9
13000001379,1313,1,374,11:11:19,8
13000001380,1087,2,420,20:07:39,10
13000001381,835,1,748,16:05:42,9
13000001382,1149,2,639,18:29:42,3
13000001383,587,2,377,16:02:53,9
13000001384,257,1,655,06:49:53,7
13000001385,1127,1,573,06:41:11,0
13000001386,1332,1,820,20:13:41,8
13000001387,961,1,891,20:26:52,0
13000001388,85,2,643,09:04:12,9
13000001389,461,2,869,20:46:00,8
13000001390,302,2,355,19:51:09,4
13000001391,1239,1,767,12:07:35,9
13000001392,633,2,741,21:35:10,10
13000001393,1475,2,486,08:46:20,9
13000001394,1377,1,833,12:09:38,9
13000001395,719,1,396,17:21:27,3
13000001396,390,1,587,04:42:27,7
13000001397,541,1,818,20:13:59,3
13000001398,1181,1,455,10:11:56,7
13000001399,1022,1,631,19:16:04,7
13000001400,485,1,593,05:47:17,7
13000001401,1011,1,283,03:50:49,7
13000001402,771,1,602,01:27:11,6
13000001403,478,2,861,23:09:24,0
13000001404,529,2,431,10:47:37,5
13000001405,73,1,360,11:09:57,10
13000001406,615,1,864,09:03:20,5
13000001407,1048,2,718,23:37:30,5
13000001408,1292,1,378,05:18:10,3
13000001409,1429,1,583,18:55:30,10
13000001410,1353,1,546,03:43:32,9
13000001411,1322,1,655,15:01:09,8
13000001412,325,1,278,02:31:06,7
13000001413,1004,1,680,14:11:47,7
13000001414,509,2,789,23:12:58,9
13000001415,1498,1,548,03:48:44,8
13000001416,166,2,665,16:00:00,4
13000001417,971,2,853,13:04:02,8
13000001418,1301,2,792,07:41:03,8
13000001419,573,2,886,17:17:46,9
13000001420,730,2,456,06:25:42,7
13000001421,650,2,676,03:43:37,9
13000001422,873,1,521,09:17:43,9
13000001423,658,2,884,20:30:40,9
13000001424,991,2,487,15:23:50,1
13000001425,106,2,882,09:48:56,3
13000001426,270,2,857,02:21:08,10
13000001427,833,1,681,12:00:17,6
13000001428,604,1,476,13:50:08,6
13000001429,1051,2,497,22:14:23,7
13000001430,212,2,883,11:19:16,10
13000001431,1149,1,287,09:51:16,8
13000001432,456,2,509,11:20:59,8
13000001433,859,2,722,11:57:07,7
13000001434,728,2,585,09:49:15,5
13000001435,1062,1,436,16:00:14,9
13000001436,995,1,403,14:25:13,7
13000001437,1173,1,730,12:02:13,8
13000001438,1375,1,456,15:36:16,4
13000001439,1073,2,395,04:46:39,3
13000001440,767,1,879,01:03:53,7
13000001441,969,2,702,20:07:32,8
13000001442,466,2,668,11:23:47,10
13000001443,658,1,672,20:21:33,6
13000001444,503,2,537,09:48:01,1
13000001445,810,2,799,04:11:46,0
13000001446,1161,2,358,08:43:48,7
13000001447,373,2,333,11:30:22,7
13000001448,467,1,333,17:16:19,6
13000001449,165,1,520,05:42:05,8
13000001450,1212,2,786,08:30:36,7
13000001451,237,1,666,03:13:21,5
13000001452,447,2,478,17:48:00,10
13000001453,272,1,679,03:19:16,3
13000001454,690,2,615,10:48:54,7
13000001455,254,1,282,02:11:43,7
13000001456,639,2,473,02:13:50,8
13000001457,1257,2,559,09:19:16,10
13000001458,1322,2,543,03:39:11,7
13000001459,1418,2,651,22:42:08,9
13000001460,1163,1,857,18:08:02,5
13000001461,1237,1,578,08:09:15,7
13000001462,1313,1,569,23:28:11,10
13000001463,558,2,435,04:59:13,7
13000001464,806,2,703,20:33:40,8
13000001465,362,1,397,01:48:08,9
13000001466,8,1,773,19:49:42,7
13000001467,54,2,567,23:26:31,5
13000001468,554,2,330,09:29:20,3
13000001469,1409,1,679,14:45:27,9
13000001470,259,2,519,12:26:22,6
13000001471,1397,1,336,20:53:59,9
13000001472,1378,2,748,22:00:59,10
13000001473,1170,2,508,02:05:17,8
13000001474,224,2,847,12:13:48,10
13000001475,1127,1,544,12:44:16,7
13000001476,1321,2,395,20:45:33,9
13000001477,1371,2,544,02:45:22,6
13000001478,726,1,438,08:38:56,8
13000001479,874,2,580,03:16:10,4
13000001480,370,2,564,21:08:52,5
13000001481,712,1,333,13:50:45,9
13000001482,1315,2,592,06:49:56,9
13000001483,1494,2,344,18:31:00,6
13000001484,578,1,361,06:29:45,8
13000001485,380,2,808,03:49:23,8
13000001486,969,1,559,03:12:44,7
13000001487,233,2,445,18:23:46,7
13000001488,1027,2,275,10:22:02,7
13000001489,130,1,791,01:26:27,10
13000001490,688,1,886,09:04:32,10
13000001491,415,2,543,03:34:43,7
13000001492,691,2,492,16:35:26,1
13000001493,254,1,379,13:02:00,9
13000001494,966,1,711,23:01:38,10
13000001495,516,2,865,22:40:08,9
13000001496,40,1,304,08:51:52,6
13000001497,28,2,728,09:09:02,9
13000001498,464,2,283,13:21:39,8
13000001499,1244,1,542,07:21:21,10
13000001500,904,2,704,02:57:04,10
13000001501,371,1,806,06:29:29,8
13000001502,385,2,589,15:30:06,9
13000001503,655,1,676,02:58:24,7
13000001504,973,2,493,04:42:04,10
13000001505,159,1,679,15:24:47,3
13000001506,325,2,290,15:33:25,9
13000001507,908,1,372,12:16:11,7
13000001508,1022,1,373,13:39:33,10
13000001509,410,2,453,07:46:04,10
13000001510,743,2,415,18:56:10,8
13000001511,937,1,718,14:34:32,8
13000001512,1301,1,686,21:06:34,10
13000001513,1313,1,533,12:37:19,5
13000001514,1245,2,767,06:43:38,10
13000001515,519,1,473,01:30:57,10
13000001516,832,1,650,21:40:10,0
13000001517,37,1,361,11:45:06,2
13000001518,602,2,750,00:02:27,10
13000001519,621,2,601,00:18:23,2
13000001520,369,2,364,21:22:38,8
13000001521,890,2,563,05:43:03,7
13000001522,334,1,501,05:08:57,8
13000001523,347,1,591,13:14:04,8
13000001524,1138,1,374,04:55:15,10
13000001525,1271,1,375,06:59:36,8
13000001526,509,1,865,15:55:24,4
13000001527,1409,1,288,05:09:03,7
13000001528,875,2,341,16:13:44,6
13000001529,867,2,636,15:40:38,8
13000001530,111,1,569,06:27:05,5
13000001531,1486,1,691,19:39:50,8
13000001532,1084,2,837,19:42:56,10
13000001533,780,2,703,21:24:42,8
13000001534,1037,1,594,18:45:51,1
13000001535,592,1,292,23:20:43,5
13000001536,1010,1,867,20:55:25,10
13000001537,1292,1,738,07:07:07,3
13000001538,594,1,309,22:49:36,5
13000001539,1453,1,336,12:04:19,9
13000001540,119,1,285,06:15:50,10
13000001541,488,2,483,07:30:09,1
13000001542,32,2,701,12:11:23,3
13000001543,1340,1,345,12:17:44,3
13000001544,783,1,566,20:03:58,9
13000001545,72,2,591,05:11:55,8
13000001546,403,2,457,11:25:19,2
13000001547,890,2,256,01:20:49,9
13000001548,992,2,503,12:23:09,8
13000001549,538,2,596,02:47:30,6
13000001550,262,1,348,01:18:01,9
13000001551,1256,2,855,08:32:58,8
13000001552,704,1,692,16:48:20,9
13000001553,417,2,698,01:24:23,9
13000001554,984,1,783,02:35:43,9
13000001555,768,1,744,11:35:22,7
13000001556,615,1,857,10:36:39,9
13000001557,995,1,462,21:05:38,6
13000001558,56,2,691,17:57:55,6
13000001559,1440,1,462,10:42:07,7
13000001560,832,1,820,16:43:52,8
13000001561,217,2,585,11:08:52,10
13000001562,1323,2,475,15:49:27,9
13000001563,803,1,649,14:42:07,8
13000001564,512,1,614,10:12:25,10
13000001565,952,2,487,05:40:52,10
13000001566,1433,1,650,01:45:35,10
13000001567,824,2,736,06:32:58,9
13000001568,384,1,582,19:03:15,7
13000001569,1029,2,494,06:53:28,8
13000001570,297,2,665,18:17:37,8
13000001571,1101,1,730,03:20:57,6
13000001572,464,2,341,20:04:31,2
13000001573,727,1,546,20:08:00,7
13000001574,71,1,278,16:00:36,8
13000001575,520,2,332,15:03:18,8
13000001576,930,1,615,13:00:08,9
13000001577,447,1,729,22:52:56,8
13000001578,900,1,566,03:34:24,8
13000001579,304,1,707,19:29:40,8
13000001580,954,2,860,19:54:54,8
13000001581,765,1,733,14:26:36,5
13000001582,731,1,851,17:40:41,5
13000001583,938,1,872,03:42:04,7
13000001584,105,1,815,10:31:24,3
13000001585,1346,1,843,02:21:03,7
13000001586,563,2,452,11:19:42,5
13000001587,41,1,737,11:34:31,7
13000001588,947,1,339,04:30:49,7
13000001589,1259,2,439,22:21:58,9
13000001590,110,1,608,11:17:50,7
13000001591,375,2,403,12:31:55,6
13000001592,229,1,629,18:01:22,5
13000001593,425,1,478,05:40:01,8
13000001594,1452,2,640,15:10:20,9
13000001595,366,1,662,12:37:45,10
13000001596,983,2,523,22:06:00,9
13000001597,1418,2,524,22:43:57,10
13000001598,943,1,636,07:40:21,10
13000001599,1162,1,794,10:39:12,10
13000001600,117,2,295,03:36:46,10
13000001601,68,1,405,12:05:49,9
13000001602,763,1,826,10:56:28,10
13000001603,45,1,263,08:47:33,8
13000001604,930,1,376,23:44:21,10
13000001605,743,1,318,19:03:20,3
13000001606,578,2,682,16:49:30,7
13000001607,1409,2,680,23:12:36,8
13000001608,831,2,481,11:19:06,9
13000001609,862,2,700,00:46:52,9
13000001610,391,1,305,08:41:09,5
13000001611,1044,1,411,14:45:19,9
13000001612,539,2,518,05:42:25,8
13000001613,758,2,642,20:01:31,8
13000001614,616,2,338,02:46:36,5
13000001615,1281,1,735,15:46:34,8
13000001616,1029,2,797,03:36:42,9
13000001617,160,1,866,19:16:32,10
13000001618,1004,2,572,00:08:36,9
13000001619,522,2,548,11:08:17,9
13000001620,474,1,789,05:12:24,8
13000001621,809,2,451,05:23:37,3
13000001622,1000,2,633,03:46:03,6
13000001623,657,1,457,12:35:50,10
13000001624,1183,1,693,11:02:30,8
13000001625,549,2,871,14:07:40,9
13000001626,1483,1,282,16:46:02,10
13000001627,958,1,397,11:36:49,8
13000001628,13,2,428,01:35:29,10
13000001629,810,1,840,11:48:20,10
13000001630,1336,1,439,18:00:23,5
13000001631,672,1,342,04:10:08,5
13000001632,445,1,438,14:14:41,8
13000001633,1127,2,757,10:43:41,6
13000001634,604,1,521,17:53:50,8
13000001635,433,1,618,08:08:40,7
13000001636,1234,1,882,13:53:08,5
13000001637,70,1,407,17:28:27,6
13000001638,540,1,842,04:58:43,9
13000001639,606,1,661,11:13:36,6
13000001640,1351,2,668,08:22:50,9
13000001641,714,1,612,04:29:25,10
13000001642,1011,2,569,19:56:41,7
13000001643,349,2,705,00:52:11,10
13000001644,422,2,281,13:26:18,9
13000001645,972,2,327,15:41:57,8
13000001646,1008,2,485,14:05:08,8
13000001647,14,1,570,23:08:34,2
13000001648,1124,1,412,00:17:34,7
13000001649,976,2,562,04:05:47,9
13000001650,1434,1,658,20:25:45,8
13000001651,1388,2,488,20:34:17,7
13000001652,1326,2,745,06:10:52,9
13000001653,1296,1,832,19:57:19,8
13000001654,1414,1,855,05:34:44,7
13000001655,751,2,312,04:12:55,7
13000001656,825,2,527,20:58:58,10
13000001657,1199,2,600,15:22:03,8
13000001658,955,1,505,21:45:43,7
13000001659,433,2,482,05:17:33,7
13000001660,1431,1,301,19:41:38,5
13000001661,1274,1,883,11:01:41,6
13000001662,1323,1,254,01:42:50,2
13000001663,712,1,374,14:26:45,3
13000001664,62,1,519,06:04:05,10
13000001665,269,2,564,12:17:28,4
13000001666,1214,1,525,01:58:45,8
13000001667,242,2,662,18:58:58,4
13000001668,118,1,422,22:27:13,8
13000001669,375,1,652,06:44:44,9
13000001670,597,2,667,11:29:48,7
13000001671,928,1,798,06:08:19,8
13000001672,388,2,273,09:03:48,9
13000001673,1141,1,357,22:10:46,6
13000001674,1358,2,709,08:50:20,8
13000001675,882,2,297,15:20:21,8
13000001676,402,1,820,07:06:39,7
13000001677,542,1,300,03:42:12,9
13000001678,901,1,574,11:32:25,9
13000001679,386,1,406,10:02:43,7
13000001680,1359,2,694,12:46:53,7
13000001681,371,1,409,20:00:18,9
13000001682,511,1,418,09:32:42,7
13000001683,852,1,439,20:39:04,9
13000001684,668,1,822,20:27:28,9
13000001685,999,2,849,14:05:33,8
13000001686,380,1,504,08:21:53,10
13000001687,1485,2,623,19:49:47,1
13000001688,1302,1,323,14:08:55,8
13000001689,1319,1,716,01:29:36,6
13000001690,196,1,255,10:14:14,7
13000001691,343,2,877,15:08:27,6
13000001692,518,2,605,02:10:09,9
13000001693,414,2,318,13:14:34,9
13000001694,415,2,773,22:24:11,9
13000001695,1372,1,829,08:16:15,8
13000001696,995,1,316,01:41:15,7
13000001697,487,1,794,07:41:47,3
13000001698,279,1,309,13:10:13,8
13000001699,1176,1,369,08:31:28,8
13000001700,1166,2,573,06:30:59,9
13000001701,996,2,515,04:17:17,8
13000001702,746,1,394,01:53:58,5
13000001703,1048,1,876,14:54:10,7
13000001704,1042,2,249,16:42:49,4
13000001705,433,1,848,04:27:01,7
13000001706,671,1,775,22:48:56,10
13000001707,347,1,847,13:27:02,10
13000001708,878,1,485,03:07:10,1
13000001709,1432,1,269,03:38:59,2
13000001710,160,2,845,03:29:32,8
13000001711,339,1,754,19:08:41,9
13000001712,119,1,721,05:35:26,1
13000001713,462,2,550,14:14:44,9
13000001714,744,1,821,09:04:04,7
13000001715,760,2,328,09:10:20,6
13000001716,189,2,447,08:45:57,7
13000001717,720,1,357,15:01:51,7
13000001718,1034,2,487,23:37:16,9
13000001719,1346,2,824,03:56:08,3
13000001720,1281,1,851,08:14:40,8
13000001721,463,1,600,14:52:21,4
13000001722,665,2,278,14:54:07,0
13000001723,42,1,683,17:29:05,9
13000001724,24,1,563,18:48:13,8
13000001725,1004,1,571,04:45:24,7
13000001726,1220,2,265,01:11:59,9
13000001727,794,1,715,15:59:20,7
13000001728,184,2,290,21:45:49,9
13000001729,78,2,419,16:13:15,7
13000001730,246,1,655,09:00:50,8
13000001731,519,1,324,04:18:13,5
13000001732,569,1,766,23:47:40,7
13000001733,721,2,534,17:58:06,8
13000001734,234,2,376,15:04:24,10
13000001735,355,2,488,09:13:22,9
13000001736,1477,1,857,22:47:04,4
13000001737,292,1,752,19:07:54,2
13000001738,829,2,825,21:49:49,5
13000001739,637,1,340,17:23:11,3
13000001740,481,1,322,05:30:42,7
13000001741,117,2,686,05:44:15,10
13000001742,427,1,760,05:59:44,0
13000001743,971,1,636,13:20:21,7
13000001744,891,1,569,18:42:45,7
13000001745,1400,2,677,06:56:26,8
13000001746,1360,1,467,18:21:08,2
13000001747,1227,1,402,09:02:01,6
13000001748,581,1,509,15:08:45,2
13000001749,884,2,355,17:06:04,8
13000001750,609,2,855,21:13:57,8
13000001751,500,2,705,00:06:42,6
13000001752,325,2,524,19:28:41,10
13000001753,848,1,313,21:17:57,10
13000001754,1116,1,523,13:39:01,8
13000001755,1251,2,865,23:35:21,8
13000001756,1439,2,564,03:08:44,2
13000001757,900,2,495,04:49:48,7
13000001758,434,1,487,13:31:35,10
13000001759,134,2,817,15:52:52,10
13000001760,131,2,886,23:49:11,9
13000001761,547,2,669,01:42:24,6
13000001762,946,1,484,01:07:20,3
13000001763,1267,1,616,14:20:12,10
13000001764,331,2,339,00:18:52,10
13000001765,44,1,810,20:23:00,3
13000001766,1194,2,333,02:38:34,9
13000001767,734,1,766,17:06:15,6
13000001768,543,2,482,01:41:22,9
13000001769,140,1,689,22:57:16,8
13000001770,474,2,515,06:12:43,6
13000001771,1038,1,259,19:18:46,9
13000001772,925,2,406,15:19:44,3
13000001773,301,2,333,21:27:37,1
13000001774,750,2,589,16:20:47,10
13000001775,828,1,427,20:12:32,10
13000001776,1174,1,523,12:23:00,6
13000001777,882,2,390,02:19:57,10
13000001778,1440,1,592,07:46:29,7
13000001779,422,1,493,08:54:10,6
13000001780,505,1,379,13:07:20,10
13000001781,105,2,338,22:37:37,4
13000001782,524,1,368,04:20:14,4
13000001783,220,2,565,07:04:40,0
13000001784,737,1,630,08:12:03,9
13000001785,68,1,359,21:41:14,8
13000001786,975,1,568,06:04:43,4
13000001787,12,2,614,07:45:35,5
13000001788,1284,2,368,03:22:06,9
13000001789,326,1,429,04:30:55,9
13000001790,1098,2,654,00:25:16,9
13000001791,727,2,467,15:43:42,8
13000001792,521,2,345,16:46:25,3
13000001793,5,2,507,20:28:35,6
13000001794,1079,1,546,14:36:20,9
13000001795,971,1,789,00:55:05,1
13000001796,841,2,768,21:49:19,8
13000001797,1327,2,405,01:35:40,6
13000001798,435,1,666,13:46:26,8
13000001799,376,2,347,08:30:07,8
13000001800,88,1,328,05:40:23,6
13000001801,299,2,721,11:15:09,6
13000001802,687,2,398,21:18:09,10
13000001803,476,2,857,02:52:31,4
13000001804,1013,1,459,00:19:15,3
13000001805,578,1,820,13:37:07,8
13000001806,32,1,704,02:29:31,8
13000001807,213,2,560,20:40:50,3
13000001808,766,2,696,05:07:14,6
13000001809,509,1,869,12:46:39,8
13000001810,725,2,490,13:08:44,2
13000001811,3,2,595,15:05:20,10
13000001812,1003,2,568,14:17:26,8
13000001813,825,1,508,12:26:03,3
13000001814,458,1,843,02:45:02,6
13000001815,1342,1,839,01:41:29,8
13000001816,1391,2,451,16:32:16,4
13000001817,1246,2,753,15:28:50,8
13000001818,719,1,789,13:04:27,3
13000001819,209,1,627,22:20:33,8
13000001820,71,2,697,23:15:08,8
13000001821,156,2,498,03:42:34,9
13000001822,1148,1,324,09:27:20,9
13000001823,1184,2,262,06:02:21,7
13000001824,1116,1,285,09:04:02,7
13000001825,623,2,706,22:24:05,6
13000001826,1330,1,637,04:00:38,9
13000001827,370,1,279,18:14:34,4
13000001828,566,1,324,21:15:07,7
13000001829,93,2,323,04:00:03,10
13000001830,814,1,626,21:43:22,1
13000001831,247,1,886,18:29:43,9
13000001832,1286,2,753,04:50:25,1
13000001833,1290,2,448,18:14:39,9
13000001834,1222,2,506,11:38:46,8
13000001835,736,2,515,16:43:39,10
13000001836,1135,1,705,22:03:06,8
13000001837,3,2,662,06:27:30,10
13000001838,997,1,542,14:26:53,9
13000001839,957,1,372,06:44:06,6
13000001840,1455,2,702,22:04:28,1
13000001841,918,1,632,09:15:13,9
13000001842,69,1,377,02:16:40,10
13000001843,663,1,767,21:45:59,6
13000001844,209,1,667,22:59:27,3
13000001845,71,2,821,13:57:01,9
13000001846,758,1,359,12:11:13,3
13000001847,549,2,556,09:47:59,2
13000001848,1099,1,751,01:59:39,5
13000001849,26,2,293,03:35:22,9
13000001850,1176,2,348,02:03:14,9
13000001851,436,1,505,20:57:13,7
13000001852,562,1,304,20:32:13,7
13000001853,487,2,479,14:12:54,8
13000001854,1253,1,527,12:07:41,8
13000001855,1466,1,817,00:28:50,9
13000001856,348,2,787,10:36:25,2
13000001857,472,1,716,05:45:46,8
13000001858,900,1,722,04:29:22,10
13000001859,296,1,692,09:44:37,8
13000001860,514,2,688,20:40:44,8
13000001861,672,2,742,03:54:17,8
13000001862,564,2,365,13:38:45,8
13000001863,541,2,321,10:08:26,5
13000001864,194,1,651,20:22:39,5
13000001865,169,1,562,00:20:48,8
13000001866,793,2,858,03:29:18,6
13000001867,189,2,780,08:06:46,8
13000001868,1371,2,590,17:18:49,8
13000001869,863,2,747,18:35:55,5
13000001870,250,1,520,20:47:52,8
13000001871,296,2,424,17:30:09,8
13000001872,548,2,264,00:17:19,9
13000001873,1224,1,423,23:31:49,9
13000001874,1051,1,522,08:32:50,6
13000001875,706,2,625,20:43:15,9
13000001876,205,1,328,01:28:13,8
13000001877,384,1,456,00:49:30,10
13000001878,426,2,317,13:44:42,10
13000001879,144,2,558,11:17:27,5
13000001880,324,1,374,17:43:45,9
13000001881,417,1,549,12:52:09,9
13000001882,15,1,511,12:54:29,9
13000001883,577,1,551,01:20:08,2
13000001884,172,2,392,01:47:35,6
13000001885,1414,2,705,16:36:07,10
13000001886,570,1,674,11:52:08,1
13000001887,327,1,769,08:29:06,7
13000001888,1287,1,379,02:43:44,7
13000001889,446,1,886,01:11:40,3
13000001890,1270,1,325,23:15:21,9
13000001891,1294,1,762,23:40:16,4
13000001892,233,2,631,22:04:00,10
13000001893,793,1,762,01:16:31,6
13000001894,949,1,289,06:29:39,2
13000001895,1469,2,669,09:03:52,7
13000001896,176,2,789,00:48:12,1
13000001897,1393,2,820,15:40:57,0
13000001898,831,2,683,00:33:48,5
13000001899,245,1,528,04:34:47,7
13000001900,293,2,609,01:33:24,7
13000001901,779,1,802,14:35:26,3
13000001902,30,1,832,02:28:39,8
13000001903,253,1,495,02:32:24,8
13000001904,1065,1,371,04:48:14,9
13000001905,124,1,849,01:02:22,9
13000001906,1026,1,382,00:16:54,9
13000001907,1238,1,816,06:41:02,5
13000001908,59,2,727,11:25:33,10
13000001909,204,2,601,08:44:36,10
13000001910,775,1,328,21:01:07,8
13000001911,584,1,505,06:18:15,0
13000001912,1202,2,518,15:23:46,9
13000001913,1333,1,449,00:12:12,6
13000001914,6,2,381,12:23:24,6
13000001915,1315,1,350,09:45:47,10
13000001916,733,1,753,06:27:07,10
13000001917,1002,1,637,16:47:08,7
13000001918,498,2,855,21:00:36,6
13000001919,979,1,702,01:43:59,8
13000001920,880,1,425,14:07:07,5
13000001921,459,2,615,14:36:24,10
13000001922,956,2,614,02:22:27,6
13000001923,685,1,426,09:16:27,10
13000001924,489,2,444,02:38:41,10
13000001925,798,1,792,03:24:34,10
13000001926,757,2,767,23:18:14,8
13000001927,930,1,292,19:36:19,4
13000001928,725,1,547,00:31:01,7
13000001929,173,1,849,02:29:41,2
13000001930,1265,1,439,01:57:15,10
13000001931,724,1,413,17:05:43,8
13000001932,302,2,716,10:13:12,10
13000001933,817,2,741,23:32:13,7
13000001934,425,1,752,13:03:38,5
13000001935,1039,1,292,12:32:26,10
13000001936,1278,1,747,16:03:09,1
13000001937,1151,1,653,02:18:08,6
13000001938,181,1,560,19:34:14,9
13000001939,690,1,549,16:14:18,10
13000001940,1120,2,259,15:43:25,6
13000001941,423,2,623,07:31:43,6
13000001942,1109,2,520,10:04:27,10
13000001943,224,2,346,16:23:28,8
13000001944,1457,2,329,00:27:42,10
13000001945,22,2,336,11:55:24,4
13000001946,743,2,635,23:52:02,9
13000001947,1123,1,548,11:39:35,10
13000001948,1065,1,866,23:28:27,9
13000001949,1278,1,313,02:02:31,6
13000001950,779,2,412,02:24:10,0
13000001951,498,1,720,10:51:36,9
13000001952,171,2,803,17:11:40,5
13000001953,1483,1,400,07:27:58,10
13000001954,1355,1,365,08:50:11,6
13000001955,1018,1,832,20:03:24,8
13000001956,1449,2,415,16:41:26,7
13000001957,818,2,728,11:45:52,6
13000001958,701,1,341,19:32:35,9
13000001959,584,2,415,23:58:28,9
13000001960,1193,1,728,11:47:43,2
13000001961,266,1,688,09:55:05,10
13000001962,19,1,594,01:31:58,7
13000001963,1437,2,850,06:54:46,8
13000001964,814,2,263,07:59:28,9
13000001965,657,1,406,22:05:17,7
13000001966,1215,2,280,11:34:34,9
13000001967,1281,2,459,13:17:06,2
13000001968,590,1,787,04:48:39,1
13000001969,884,2,851,04:31:18,7
13000001970,403,1,670,21:25:04,7
13000001971,894,2,675,18:04:23,10
13000001972,615,2,378,16:55:11,7
13000001973,1133,1,585,11:34:38,3
13000001974,1358,2,867,17:47:19,3
13000001975,934,2,594,17:20:25,2
13000001976,252,2,768,06:12:26,7
13000001977,1320,1,810,19:27:04,8
13000001978,680,1,580,00:45:11,8
13000001979,41,2,346,17:08:31,0
13000001980,28,1,481,08:15:48,0
13000001981,1186,1,498,23:54:52,3
13000001982,378,2,742,00:51:09,8
13000001983,1342,2,609,05:38:52,9
13000001984,1311,1,864,06:38:55,10
13000001985,805,1,365,10:57:27,9
13000001986,801,1,877,12:02:52,9
13000001987,422,2,466,12:23:18,10
13000001988,875,1,339,09:03:02,0
13000001989,1387,2,843,07:36:02,8
13000001990,353,1,516,20:08:32,8
13000001991,1014,2,811,14:57:14,7
13000001992,781,1,283,20:12:02,4
13000001993,1134,1,636,07:35:25,9
13000001994,1467,1,573,04:08:59,5
13000001995,928,1,639,06:13:31,8
13000001996,1455,1,524,09:35:46,8
13000001997,895,2,640,22:58:37,8
13000001998,1200,2,584,04:04:37,8
13000001999,150,1,708,00:13:46,0
13000002000,1053,2,643,11:59:50,5
13000002001,1475,1,471,03:43:41,4
13000002002,761,1,713,09:42:37,8
13000002003,1224,1,593,09:35:08,10
13000002004,1446,1,547,02:24:43,8
13000002005,1168,1,530,22:33:42,7
13000002006,926,1,612,05:00:09,9
13000002007,1474,1,470,17:27:18,3
13000002008,24,1,405,10:50:25,5
13000002009,431,2,541,04:54:52,8
13000002010,662,1,525,12:01:24,9
13000002011,1374,2,339,10:44:04,6
13000002012,552,1,462,09:27:43,8
13000002013,1302,2,797,16:02:43,8
13000002014,555,1,781,20:39:55,7
13000002015,1289,2,552,10:59:35,7
13000002016,851,2,833,22:15:00,8
13000002017,1418,1,874,19:31:02,9
13000002018,935,1,745,10:49:23,10
13000002019,834,2,685,17:41:58,7
13000002020,663,1,630,06:20:00,9
13000002021,245,2,620,17:19:48,7
13000002022,391,2,567,03:10:35,4
13000002023,1111,2,475,02:38:26,10
13000002024,1384,1,699,07:15:14,9
13000002025,727,2,270,17:31:47,8
13000002026,735,1,759,05:34:40,9
13000002027,1233,1,512,16:51:34,10
13000002028,238,1,813,15:51:05,7
13000002029,308,2,250,00:19:18,8
13000002030,1145,2,547,07:35:34,10
13000002031,1359,1,306,03:57:02,8
13000002032,1440,1,721,05:15:37,9
13000002033,1347,1,471,19:01:41,8
13000002034,1048,2,770,04:34:34,7
13000002035,475,1,803,05:29:54,9
13000002036,208,2,613,14:27:35,6
13000002037,1477,1,878,05:03:14,4
13000002038,1029,1,738,13:02:01,9
13000002039,33,2,534,13:30:49,7
13000002040,902,1,872,09:52:33,3
13000002041,1032,1,574,11:54:56,9
13000002042,915,1,633,18:58:32,6
13000002043,987,1,874,07:03:46,7
13000002044,675,1,322,18:05:37,9
13000002045,335,2,777,14:30:55,8
13000002046,332,1,388,21:13:40,8
13000002047,1465,2,722,16:39:52,5
13000002048,814,1,600,05:29:57,9
13000002049,586,1,529,10:58:39,10
13000002050,1012,1,517,19:24:39,8
13000002051,1383,2,348,08:38:56,9
13000002052,951,1,348,19:07:07,8
13000002053,448,1,658,07:58:22,5
13000002054,123,1,546,14:39:41,9
13000002055,1044,1,319,15:52:16,6
13000002056,264,2,615,15:23:38,2
13000002057,205,1,544,00:07:19,7
13000002058,1297,1,456,06:20:05,10
13000002059,125,1,265,09:34:52,8
13000002060,352,1,584,07:50:24,10
13000002061,1360,2,847,18:57:51,2
13000002062,455,1,558,05:18:21,9
13000002063,1430,2,468,02:19:18,7
13000002064,289,2,331,05:03:01,10
13000002065,221,1,737,17:51:13,8
13000002066,465,1,730,07:54:34,7
13000002067,601,2,352,20:34:34,9
13000002068,757,1,699,10:25:28,7
13000002069,1448,1,326,06:11:18,9
13000002070,447,1,470,04:31:59,9
13000002071,281,1,372,10:12:55,9
13000002072,179,2,533,10:32:46,7
13000002073,152,1,869,01:12:35,0
13000002074,1272,2,701,07:19:30,6
13000002075,299,1,734,19:31:15,7
13000002076,707,1,557,21:51:46,9
13000002077,685,1,338,03:35:20,4
13000002078,45,2,415,21:31:51,8
13000002079,279,2,439,08:16:06,7
13000002080,1128,2,546,04:16:11,6
13000002081,596,1,467,13:53:55,2
13000002082,1256,2,395,11:15:13,10
13000002083,88,1,560,16:19:19,10
13000002084,1147,2,470,02:13:59,10
13000002085,715,2,714,07:12:23,8
13000002086,658,1,815,02:23:51,10
13000002087,902,1,591,22:01:13,10
13000002088,274,1,439,22:21:20,6
13000002089,775,2,721,01:30:53,10
13000002090,373,1,533,06:00:36,10
13000002091,939,1,850,02:15:10,10
13000002092,652,2,554,05:37:22,9
13000002093,1224,1,748,19:18:48,8
13000002094,714,1,692,09:05:03,7
13000002095,946,2,848,06:23:02,10
13000002096,1110,1,375,04:44:51,8
13000002097,749,1,375,11:04:02,7
13000002098,1402,2,530,07:53:35,2
13000002099,284,1,402,04:41:33,9
13000002100,679,1,536,14:42:11,8
13000002101,648,2,367,16:50:08,8
13000002102,1297,2,605,02:25:42,8
13000002103,731,1,449,23:54:57,8
13000002104,292,2,883,06:04:26,9
13000002105,1252,1,720,04:58:50,5
13000002106,1340,1,284,19:49:58,8
13000002107,1129,2,849,23:58:46,7
13000002108,446,1,659,00:09:23,10
13000002109,1111,1,505,12:10:21,6
13000002110,692,1,590,19:01:16,8
13000002111,1456,1,889,05:53:32,8
13000002112,1430,1,760,01:16:16,8
13000002113,1347,2,583,08:33:23,9
13000002114,333,1,660,18:21:00,10
13000002115,1454,1,272,10:21:57,6
13000002116,505,1,503,12:45:46,7
13000002117,926,2,757,09:37:00,8
13000002118,1067,1,770,10:14:39,8
13000002119,590,1,350,23:11:09,6
13000002120,4,2,404,12:49:55,0
13000002121,250,2,870,20:43:11,6
13000002122,724,1,287,16:34:12,9
13000002123,965,2,682,18:37:02,7
13000002124,110,1,690,17:09:32,10
13000002125,294,1,771,11:47:55,8
13000002126,1378,2,548,13:31:05,8
13000002127,757,1,577,01:07:44,8
13000002128,979,2,274,16:56:43,8
13000002129,1034,1,455,14:02:37,8
13000002130,1453,1,553,01:16:48,2
13000002131,165,2,435,10:03:48,5
13000002132,1296,2,376,07:16:41,3
13000002133,27,2,883,19:19:20,8
13000002134,540,2,337,07:03:33,5
13000002135,615,1,567,20:52:07,6
13000002136,758,2,400,12:41:56,4
13000002137,554,1,422,08:37:10,1
13000002138,537,1,834,23:39:31,4
13000002139,1170,1,513,16:45:10,9
13000002140,1130,1,846,10:49:38,7
13000002141,711,2,669,22:01:41,10
13000002142,889,2,631,20:27:47,2
13000002143,618,1,574,17:16:48,6
13000002144,1236,1,725,12:48:37,9
13000002145,552,1,761,03:45:20,9
13000002146,180,1,460,12:42:23,9
13000002147,619,1,821,21:42:14,6
13000002148,627,2,420,18:32:41,9
13000002149,711,1,287,07:34:09,7
13000002150,457,1,474,04:53:18,8
13000002151,679,1,773,21:04:15,10
13000002152,1485,1,494,16:02:53,8
13000002153,642,1,864,08:18:11,4
13000002154,809,1,573,21:14:13,4
13000002155,809,2,597,22:45:57,2
13000002156,1326,1,844,04:46:34,8
13000002157,1322,1,881,02:09:13,5
13000002158,39,2,294,00:17:53,9
13000002159,393,1,688,10:37:22,8
13000002160,616,1,366,04:53:05,2
13000002161,1149,2,302,21:37:29,9
13000002162,193,2,765,21:15:13,10
13000002163,634,2,570,01:24:31,3
13000002164,34,2,408,00:00:12,3
13000002165,468,1,659,23:45:24,10
13000002166,441,1,872,01:15:36,10
13000002167,77,2,657,23:50:55,7
13000002168,580,1,632,02:37:02,10
13000002169,512,1,672,12:06:22,9
13000002170,773,2,702,07:16:06,7
13000002171,215,1,349,17:10:50,7
13000002172,1150,2,389,20:29:50,5
13000002173,781,2,856,08:30:11,7
13000002174,6,2,665,13:59:11,7
13000002175,956,1,732,03:15:52,6
13000002176,665,1,535,10:18:15,8
13000002177,680,1,747,14:16:46,7
13000002178,1311,2,493,09:10:18,1
13000002179,644,1,764,20:26:13,8
13000002180,1149,1,437,11:33:13,8
13000002181,945,2,737,02:49:15,4
13000002182,506,1,592,18:06:05,10
13000002183,1374,1,278,23:48:56,7
13000002184,216,1,356,17:51:05,10
13000002185,520,1,262,19:45:06,8
13000002186,328,2,450,07:02:20,10
13000002187,1110,1,692,01:03:26,7
13000002188,704,1,325,07:50:41,3
13000002189,326,1,612,07:09:02,10
13000002190,971,2,682,03:46:18,10
13000002191,991,1,719,17:23:20,8
13000002192,975,1,611,20:12:25,7
13000002193,677,1,688,03:00:58,6
13000002194,527,2,664,14:57:19,8
13000002195,1054,1,723,09:59:56,10
13000002196,1336,1,344,20:44:53,10
13000002197,889,1,869,20:19:26,7
13000002198,256,1,652,21:06:20,7
13000002199,242,1,492,10:18:46,8
13000002200,244,1,416,02:15:04,10
13000002201,706,1,321,16:23:52,10
13000002202,1169,1,428,14:59:35,8
13000002203,618,2,628,14:04:21,6
13000002204,1404,1,467,14:09:09,9
13000002205,1462,2,615,07:07:24,1
13000002206,525,1,523,05:56:39,10
13000002207,574,1,254,04:46:08,4
13000002208,681,1,718,01:16:49,0
13000002209,748,1,357,15:20:56,3
13000002210,1266,1,353,14:16:32,5
13000002211,293,1,857,08:06:56,9
13000002212,555,2,881,15:07:04,5
13000002213,560,1,263,06:38:03,10
13000002214,1021,2,559,07:08:42,10
13000002215,201,1,640,08:33:41,9
13000002216,1458,1,805,12:12:34,3
13000002217,528,1,645,01:58:36,1
13000002218,919,1,415,02:26:02,9
13000002219,445,1,856,17:23:34,2
13000002220,1368,2,648,21:19:04,8
13000002221,529,1,404,04:31:52,8
13000002222,1186,2,488,02:27:34,10
13000002223,164,2,527,15:29:52,7
13000002224,204,1,701,03:35:20,5
13000002225,164,2,781,09:24:59,8
13000002226,253,2,297,10:41:15,10
13000002227,1155,2,789,06:58:45,9
13000002228,193,1,808,22:35:19,5
13000002229,778,1,826,21:35:48,8
13000002230,593,1,462,04:13:02,10
13000002231,772,2,458,01:04:12,4
13000002232,32,2,551,18:24:25,7
13000002233,961,1,305,00:13:57,7
13000002234,1062,1,482,21:02:13,9
13000002235,700,1,417,09:38:45,7
13000002236,376,2,631,11:47:48,3
13000002237,866,1,316,18:25:34,8
13000002238,136,2,439,07:36:08,5
13000002239,888,2,367,17:47:20,9
13000002240,1255,1,268,11:52:45,9
13000002241,601,1,359,04:39:40,9
13000002242,204,1,707,19:15:13,7
13000002243,859,2,416,20:32:19,8
13000002244,1029,1,416,05:58:42,5
13000002245,447,2,321,23:39:40,8
13000002246,239,1,733,11:26:44,7
13000002247,101,1,441,01:51:10,4
13000002248,1263,2,568,15:53:58,9
13000002249,881,2,324,06:27:43,6
13000002250,360,2,604,16:59:47,7
13000002251,1373,2,493,18:09:51,3
13000002252,843,1,478,02:28:16,9
13000002253,307,1,558,16:23:08,9
13000002254,1162,1,821,06:35:10,5
13000002255,708,2,731,15:42:15,8
13000002256,1034,1,619,15:05:49,4
13000002257,1492,1,711,23:50:59,4
13000002258,1388,1,679,05:57:30,10
13000002259,262,1,430,22:08:42,9
13000002260,1188,1,783,04:28:24,10
13000002261,678,1,311,03:51:14,9
13000002262,546,2,781,12:34:23,8
13000002263,1206,1,668,02:57:40,8
13000002264,27,2,721,08:56:03,10
13000002265,184,2,826,02:49:24,7
13000002266,536,1,584,10:44:18,8
13000002267,1350,1,274,02:25:07,10
13000002268,542,1,534,21:26:23,9
13000002269,1151,1,755,22:21:39,10
13000002270,1471,2,839,09:09:16,7
13000002271,672,2,381,12:11:03,6
13000002272,1259,2,649,22:22:53,10
13000002273,1396,1,871,06:32:04,8
13000002274,284,1,388,20:39:01,8
13000002275,183,1,507,19:58:25,7
13000002276,1353,1,315,19:42:42,4
13000002277,978,2,845,02:44:31,10
13000002278,1244,1,517,03:22:25,2
13000002279,1430,1,451,23:42:13,9
13000002280,1218,2,376,12:19:19,8
13000002281,574,1,864,07:12:06,9
13000002282,1287,2,367,04:06:06,7
13000002283,230,1,328,14:32:21,9
13000002284,314,2,791,01:59:16,6
13000002285,203,2,354,13:40:37,8
13000002286,980,1,261,00:42:55,7
13000002287,37,1,718,03:36:12,8
13000002288,1444,1,745,20:50:35,10
13000002289,656,1,461,19:25:20,7
13000002290,731,1,596,23:43:00,3
13000002291,1265,2,495,08:04:54,8
13000002292,896,1,755,02:15:34,5
13000002293,372,1,794,17:25:55,9
13000002294,1175,1,617,21:56:10,7
13000002295,302,2,337,23:01:11,10
13000002296,436,2,685,05:04:58,9
13000002297,1245,2,741,02:54:50,3
13000002298,81,2,352,01:23:15,10
13000002299,1268,1,272,04:47:09,8
13000002300,478,1,281,22:39:42,2
13000002301,882,2,273,19:32:44,8
13000002302,673,2,687,14:57:39,10
13000002303,1352,1,581,23:36:55,9
13000002304,1495,1,550,01:34:26,10
13000002305,760,2,647,23:15:05,8
13000002306,954,2,371,06:01:05,9
13000002307,212,1,798,13:39:22,7
13000002308,1194,2,585,12:23:43,9
13000002309,31,1,871,07:00:38,10
13000002310,585,2,444,02:01:16,10
13000002311,140,2,599,18:07:37,9
13000002312,1096,2,582,09:31:50,7
13000002313,1468,1,588,08:17:42,9
13000002314,1303,2,251,09:35:02,7
13000002315,917,2,432,23:06:04,6
13000002316,153,1,833,00:28:26,9
13000002317,1033,1,652,16:46:26,10
13000002318,323,2,311,06:11:23,5
13000002319,38,1,767,17:40:20,8
13000002320,1427,1,825,01:37:30,7
13000002321,451,2,436,20:13:27,7
13000002322,883,2,339,19:16:50,10
13000002323,171,1,559,08:28:47,9
13000002324,1161,1,605,14:11:42,4
13000002325,1450,1,831,10:48:54,3
13000002326,1079,2,440,22:18:16,8
13000002327,32,2,693,19:31:00,5
13000002328,1468,2,358,21:57:06,8
13000002329,940,1,866,15:14:54,9
13000002330,1290,1,525,15:32:48,10
13000002331,339,2,830,07:38:15,10
13000002332,555,2,763,20:20:55,8
13000002333,1048,1,503,17:00:30,6
13000002334,1465,2,787,15:31:27,8
13000002335,700,1,717,23:20:59,8
13000002336,1280,2,770,18:47:15,8
13000002337,264,1,761,13:24:00,8
13000002338,1476,1,675,17:57:34,9
13000002339,283,2,754,15:19:35,6
13000002340,1034,1,347,07:33:33,7
13000002341,61,1,838,06:37:26,8
13000002342,1203,2,526,17:38:57,9
13000002343,298,2,416,23:03:58,9
13000002344,231,1,450,08:10:04,8
13000002345,141,1,851,03:58:01,5
13000002346,918,2,260,06:36:38,9
13000002347,494,2,340,00:07:27,9
13000002348,483,1,615,15:16:40,6
13000002349,1336,2,522,13:14:39,8
13000002350,541,1,278,23:58:01,9
13000002351,904,1,500,12:39:18,10
13000002352,1406,2,828,22:42:05,8
13000002353,945,2,404,15:41:17,10
13000002354,892,2,756,01:09:48,9
13000002355,1280,2,780,18:07:47,2
13000002356,521,2,866,12:42:51,7
13000002357,1077,2,360,16:02:26,10
13000002358,823,1,821,14:18:28,1
13000002359,175,1,279,19:56:48,5
13000002360,612,2,734,06:34:05,6
13000002361,205,1,881,01:41:44,1
13000002362,924,1,332,08:58:34,9
13000002363,698,1,302,14:00:24,6
13000002364,602,1,326,15:57:40,6
13000002365,910,1,670,18:34:18,4
13000002366,536,1,616,00:06:37,4
13000002367,686,2,669,23:31:12,6
13000002368,216,1,573,22:28:53,6
13000002369,1296,1,523,08:44:04,7
13000002370,1176,1,375,05:30:58,10
13000002371,396,1,875,22:58:59,7
13000002372,684,2,390,15:54:46,10
13000002373,650,2,663,14:29:59,9
13000002374,681,1,855,11:05:49,7
13000002375,892,1,425,08:27:59,4
13000002376,681,2,631,15:17:44,8
13000002377,618,1,469,19:59:31,7
13000002378,1328,1,585,12:17:44,9
13000002379,714,2,418,14:19:35,9
13000002380,585,2,377,15:14:14,9
13000002381,630,2,492,12:39:27,8
13000002382,832,2,720,12:02:42,8
13000002383,995,1,467,14:30:59,9
13000002384,1347,2,456,12:41:42,8
13000002385,897,1,687,23:57:21,8
13000002386,732,2,351,11:14:01,10
13000002387,1068,1,834,03:05:16,4
13000002388,486,1,497,15:34:54,6
13000002389,230,1,338,15:08:46,8
13000002390,389,1,390,21:51:56,8
13000002391,1217,1,600,18:21:56,5
13000002392,598,2,266,12:32:19,7
13000002393,4,1,776,13:52:31,8
13000002394,543,2,353,23:46:40,9
13000002395,1454,1,667,14:11:48,9
13000002396,356,2,276,15:17:03,9
13000002397,1243,1,310,23:51:21,8
13000002398,1345,1,741,12:24:04,9
13000002399,1233,1,468,06:31:02,8
13000002400,905,2,862,06:57:11,8
13000002401,686,1,576,09:14:19,3
13000002402,713,1,267,15:01:17,7
13000002403,498,1,666,06:37:33,9
13000002404,375,1,747,06:20:02,10
13000002405,816,1,766,17:31:33,7
13000002406,209,1,699,04:13:38,9
13000002407,199,1,430,10:13:30,2
13000002408,437,2,361,20:42:55,7
13000002409,415,2,755,16:51:40,4
13000002410,1479,1,848,03:45:44,5
13000002411,410,2,364,01:01:26,7
13000002412,657,2,492,01:37:04,7
13000002413,1032,1,761,05:31:17,9
13000002414,1270,1,440,04:30:28,10
13000002415,1408,1,652,16:07:00,10
13000002416,682,2,471,22:55:46,2
13000002417,447,1,276,23:33:54,7
13000002418,1398,2,277,07:25:37,9
13000002419,530,2,822,21:03:23,9
13000002420,849,2,557,05:51:55,8
13000002421,771,2,620,06:24:37,6
13000002422,200,1,394,18:10:35,6
13000002423,954,1,847,09:12:31,9
13000002424,241,1,884,16:20:07,8
13000002425,1080,2,630,05:52:06,4
13000002426,1071,2,447,15:50:54,6
13000002427,481,1,763,19:42:35,8
13000002428,658,1,790,07:34:52,8
13000002429,302,1,837,06:58:55,2
13000002430,472,2,540,14:04:49,5
13000002431,1251,1,391,15:46:28,7
13000002432,1203,2,312,14:38:17,8
13000002433,598,2,698,00:37:19,7
13000002434,1378,2,699,22:18:18,8
13000002435,31,2,779,03:48:17,9
13000002436,330,1,640,16:15:20,9
13000002437,673,2,387,03:00:44,8
13000002438,659,1,692,19:23:13,9
13000002439,211,1,688,16:52:34,2
13000002440,506,1,706,13:20:51,9
13000002441,1288,1,659,05:06:59,7
13000002442,1422,2,797,17:47:12,5
13000002443,1011,1,345,19:42:43,2
13000002444,154,2,579,02:34:53,5
13000002445,914,1,660,09:13:51,6
13000002446,1362,1,570,04:26:04,6
13000002447,75,1,551,06:27:22,4
13000002448,801,2,796,21:53:39,8
13000002449,1174,2,751,18:06:50,8
13000002450,560,1,613,01:23:17,7
13000002451,1286,1,697,11:05:37,9
13000002452,866,1,362,12:10:01,8
13000002453,952,1,308,07:41:03,10
13000002454,553,1,312,01:23:56,6
13000002455,1238,1,871,21:50:04,0
13000002456,683,2,570,15:21:48,10
13000002457,598,1,830,08:23:36,9
13000002458,1302,1,788,14:29:01,4
13000002459,85,1,349,14:17:52,1
13000002460,723,1,706,13:31:32,10
13000002461,15,1,592,11:54:35,4
13000002462,486,2,565,02:26:59,9
13000002463,726,2,863,07:02:15,10
13000002464,1348,1,773,13:59:15,8
13000002465,28,1,652,10:40:25,8
13000002466,113,1,545,22:54:45,10
13000002467,1433,2,259,07:56:40,8
13000002468,479,1,750,15:35:35,7
13000002469,647,1,430,05:34:57,10
13000002470,62,1,534,07:34:29,6
13000002471,112,1,471,09:59:11,4
13000002472,416,2,755,19:32:23,6
13000002473,907,2,312,09:53:13,10
13000002474,310,1,524,05:22:30,8
13000002475,889,1,446,14:47:15,3
13000002476,339,1,455,18:50:59,7
13000002477,418,2,441,09:18:19,4
13000002478,713,1,786,07:30:24,9
13000002479,462,2,321,04:59:43,10
13000002480,1091,1,644,20:55:02,7
13000002481,867,1,422,14:30:48,10
13000002482,1237,1,753,06:38:39,10
13000002483,1441,1,803,16:44:44,9
13000002484,633,2,862,14:41:51,3
13000002485,204,1,868,18:52:59,9
13000002486,1234,1,257,11:24:03,9
13000002487,201,2,477,17:12:22,5
13000002488,1015,2,466,06:48:23,9
13000002489,385,2,635,21:12:54,7
13000002490,1099,1,481,09:29:02,8
13000002491,728,1,389,08:42:04,10
13000002492,1451,2,374,23:44:30,7
13000002493,358,1,259,13:03:02,5
13000002494,856,2,422,09:47:28,10
13000002495,3,1,776,02:36:34,10
13000002496,732,1,462,20:21:04,9
13000002497,1410,1,368,12:31:23,10
13000002498,138,2,543,08:08:34,7
13000002499,243,2,306,18:25:45,10
13000002500,32,1,851,05:40:54,8
13000002501,1280,2,370,01:02:03,9
13000002502,345,1,466,23:01:09,8
13000002503,220,1,580,10:38:11,8
13000002504,1296,1,446,13:11:29,3
13000002505,547,1,302,19:05:19,10
13000002506,1169,2,478,20:54:41,7
13000002507,1217,2,583,08:06:54,7
13000002508,126,1,539,10:16:14,8
13000002509,843,1,320,09:56:46,10
13000002510,1260,1,652,20:19:35,9
13000002511,171,1,606,14:09:01,8
13000002512,889,2,538,16:28:54,7
13000002513,1012,2,270,12:51:39,4
13000002514,1418,2,406,22:52:21,6
13000002515,677,2,811,17:48:13,10
13000002516,979,1,721,08:23:31,4
13000002517,326,2,847,02:20:20,8
13000002518,522,2,272,08:37:03,10
13000002519,1326,2,617,19:39:01,8
13000002520,228,1,857,17:05:45,8
13000002521,1093,2,794,15:46:45,6
13000002522,587,1,687,23:33:18,8
13000002523,873,1,553,12:10:26,9
13000002524,733,2,308,21:10:45,9
13000002525,276,1,522,14:10:47,7
13000002526,1428,2,864,09:13:36,10
13000002527,199,2,306,02:05:03,6
13000002528,221,1,701,04:22:53,9
13000002529,1015,2,431,12:25:22,10
13000002530,6,1,379,02:06:06,6
13000002531,1061,2,741,00:45:21,9
13000002532,1271,1,518,13:50:58,10
13000002533,619,1,350,22:28:53,5
13000002534,698,2,520,03:57:35,7
13000002535,1484,1,558,09:05:18,9
13000002536,1316,1,322,22:38:14,8
13000002537,1034,1,642,23:07:01,8
13000002538,790,2,716,22:44:40,7
13000002539,1399,2,747,08:12:03,5
13000002540,1045,1,644,06:00:58,7
13000002541,59,2,828,20:29:01,9
13000002542,244,1,451,09:43:59,9
13000002543,408,1,791,22:20:34,9
13000002544,259,2,732,15:00:40,4
13000002545,960,2,525,15:43:00,9
13000002546,878,2,431,20:31:42,9
13000002547,584,1,569,06:28:22,1
13000002548,397,1,451,05:41:51,6
13000002549,167,2,529,13:34:38,9
13000002550,1216,2,256,22:58:57,4
13000002551,1271,1,552,02:09:48,1
13000002552,1293,1,458,23:34:18,7
13000002553,223,2,545,20:42:09,4
13000002554,201,2,836,10:22:56,6
13000002555,342,1,794,10:48:35,7
13000002556,913,1,341,05:52:21,6
13000002557,752,1,666,08:32:15,0
13000002558,78,1,353,17:54:12,9
13000002559,60,2,342,17:45:44,9
13000002560,1254,1,444,08:28:46,7
13000002561,183,1,348,17:26:53,7
13000002562,591,2,836,02:17:21,5
13000002563,849,1,763,16:12:16,9
13000002564,1248,2,374,22:36:31,8
13000002565,741,2,252,22:27:19,6
13000002566,1133,2,402,00:26:44,10
13000002567,844,1,531,04:18:36,5
13000002568,313,1,266,15:03:38,4
13000002569,891,2,286,15:50:01,7
13000002570,195,1,639,17:45:10,4
13000002571,642,1,467,08:09:59,8
13000002572,569,1,548,06:40:43,10
13000002573,1237,1,715,11:43:04,9
13000002574,1407,1,730,15:01:18,8
13000002575,1207,1,638,03:48:33,7
13000002576,1236,1,491,11:06:25,7
13000002577,1279,1,278,06:03:48,9
13000002578,1439,1,842,14:24:32,8
13000002579,858,1,800,08:17:52,7
13000002580,1479,2,695,04:48:25,9
13000002581,924,2,698,19:22:33,7
13000002582,382,2,355,03:26:14,8
13000002583,16,1,702,19:29:19,7
13000002584,862,1,441,14:47:04,8
13000002585,234,2,885,18:31:30,9
13000002586,475,2,400,02:27:35,6
13000002587,392,1,285,18:28:22,10
13000002588,1141,1,692,17:01:38,6
13000002589,183,1,860,20:37:52,2
13000002590,524,1,636,22:11:52,10
13000002591,690,1,777,13:42:43,8
13000002592,284,1,430,09:28:05,5
13000002593,860,1,294,02:47:26,10
13000002594,991,2,485,04:26:51,10
13000002595,163,2,710,16:13:00,7
13000002596,1364,1,747,00:54:11,9
13000002597,1233,2,329,01:36:44,9
13000002598,1009,1,584,23:56:56,7
13000002599,822,1,651,06:54:48,3
13000002600,1198,1,721,03:02:18,9
13000002601,652,1,297,17:17:45,9
13000002602,293,1,478,09:23:50,8
13000002603,9,2,676,13:52:28,5
13000002604,967,1,500,03:37:33,0
13000002605,1090,1,522,01:11:49,10
13000002606,1324,1,308,01:59:40,7
13000002607,212,1,578,02:39:32,4
13000002608,77,1,436,19:14:49,8
13000002609,1261,1,533,02:37:01,9
13000002610,820,1,646,13:27:04,8
13000002611,1321,1,427,18:00:42,7
13000002612,709,2,752,07:31:18,7
13000002613,1325,1,364,15:21:39,10
13000002614,1339,1,843,04:10:43,7
13000002615,136,1,720,19:55:49,3
13000002616,459,2,495,02:36:47,7
13000002617,334,2,614,15:35:05,4
13000002618,260,2,285,19:27:26,10
13000002619,264,2,585,08:17:15,8
13000002620,1060,1,684,10:19:30,10
13000002621,433,1,616,11:24:25,10
13000002622,1056,2,729,10:12:04,10
13000002623,246,1,704,15:28:45,9
13000002624,1033,1,549,06:29:20,10
13000002625,1148,2,394,20:49:13,8
13000002626,511,1,657,02:50:08,10
13000002627,264,1,466,05:54:02,9
13000002628,553,1,723,18:58:00,9
13000002629,196,1,589,13:44:28,2
13000002630,203,2,260,06:49:44,1
13000002631,1076,2,605,09:52:44,4
13000002632,829,1,422,05:19:00,4
13000002633,245,1,509,13:36:02,10
13000002634,240,2,650,17:47:53,10
13000002635,1173,1,460,16:19:48,8
13000002636,243,2,647,11:34:52,8
13000002637,1490,1,303,18:25:27,9
13000002638,583,2,278,17:42:33,7
13000002639,1216,2,682,13:29:20,6
13000002640,581,2,771,03:32:17,8
13000002641,136,1,350,15:07:57,0
13000002642,149,2,849,06:16:43,6
13000002643,1450,1,622,13:56:00,9
13000002644,722,1,634,11:57:32,8
13000002645,1389,1,622,23:47:31,9
13000002646,90,2,408,01:53:40,9
13000002647,1330,1,511,10:17:30,8
13000002648,1170,1,421,15:20:36,2
13000002649,154,1,277,11:25:07,7
13000002650,369,1,626,14:39:57,7
13000002651,70,2,417,20:31:49,8
13000002652,488,1,390,00:14:08,3
13000002653,1059,2,510,16:00:32,7
13000002654,1459,1,688,22:27:13,0
13000002655,1124,1,848,20:50:11,10
13000002656,1030,1,426,20:47:49,5
13000002657,210,1,731,22:40:42,6
13000002658,184,1,453,16:54:51,9
13000002659,513,2,764,23:20:50,7
13000002660,11,2,854,21:56:01,8
13000002661,762,1,536,05:57:57,8
13000002662,385,1,658,10:53:57,5
13000002663,1061,2,794,01:27:11,6
13000002664,820,1,270,12:14:58,8
13000002665,662,1,879,09:02:01,1
13000002666,1419,1,542,16:02:42,9
13000002667,1384,2,365,19:10:08,10
13000002668,324,2,406,04:39:50,10
13000002669,547,2,384,00:27:45,10
13000002670,147,2,361,10:58:57,7
13000002671,548,1,786,11:23:28,7
13000002672,610,2,506,09:35:57,9
13000002673,20,1,488,08:42:57,8
13000002674,560,2,825,08:01:58,1
13000002675,28,2,620,15:26:30,8
13000002676,310,1,793,21:22:03,2
13000002677,879,2,694,10:33:53,10
13000002678,819,1,555,14:39:30,3
13000002679,1406,2,361,11:00:31,7
13000002680,298,2,722,18:26:12,8
13000002681,1210,1,532,03:48:33,9
13000002682,538,1,843,10:43:31,9
13000002683,566,2,585,08:30:10,8
13000002684,1469,1,435,10:57:31,9
13000002685,1428,2,483,19:42:10,8
13000002686,1398,1,646,13:02:06,4
13000002687,899,1,508,22:26:40,4
13000002688,806,1,623,17:04:00,7
13000002689,1464,2,281,09:45:07,7
13000002690,1105,2,740,07:39:48,7
13000002691,847,1,642,13:24:24,9
